,advertisement_id,advertiser_id,source_channel_id,fiscal_week,retailer_name_on_ad,brand_name_on_ad,website_ad_rank,ad_impressions,ad_clicks,ad_conversions,total_ad_spend,channel_name,advertiser_name,total_weeks_advertising_with_vice,CPI_percent,conversion_per_spend
0,1030545,22,5,3,0,1,6,56,3,0,0.28,Influencer,Nightgold,40,0.0,0.0
1,2773740,22,5,1,0,0,2,3045,16,13,1.67,Influencer,Nightgold,40,0.43,7.78
2,4896547,22,5,1,0,1,1,3381,13,5,13.0,Influencer,Nightgold,40,0.15,0.38
3,5055945,22,5,9,0,1,2,50,6,0,0.45,Influencer,Nightgold,40,0.0,0.0
4,5739224,22,5,1,0,0,7,7,1,0,1.0,Influencer,Nightgold,40,0.0,0.0
5,7808771,22,5,13,0,1,5,308,18,4,13.2,Influencer,Nightgold,40,1.3,0.3
6,8764569,22,5,8,0,1,6,63,7,6,2.33,Influencer,Nightgold,40,9.52,2.58
7,1781041,22,4,12,0,1,7,630,10,2,3.33,Affiliate,Nightgold,40,0.32,0.6
8,4483664,22,4,12,0,0,4,4466,172,23,21.36,Affiliate,Nightgold,40,0.52,1.08
9,5553687,22,4,2,0,1,4,77,5,0,1.25,Affiliate,Nightgold,40,0.0,0.0
10,9161221,22,4,4,0,1,1,98,12,0,6.55,Affiliate,Nightgold,40,0.0,0.0
11,9552340,22,4,2,1,1,2,21028,19,9,11.18,Affiliate,Nightgold,40,0.04,0.81
12,1131672,22,3,3,0,1,2,462,2,1,0.24,SEO/Organic,Nightgold,40,0.22,4.17
13,2092655,22,3,5,0,1,9,1505,2,1,0.1,SEO/Organic,Nightgold,40,0.07,10.0
14,6786592,22,3,10,0,0,5,98,2,1,0.24,SEO/Organic,Nightgold,40,1.02,4.17
15,6837107,22,3,11,0,1,5,63,9,2,1.69,SEO/Organic,Nightgold,40,3.17,1.18
16,7766124,22,3,12,0,0,1,98,15,10,3.46,SEO/Organic,Nightgold,40,10.2,2.89
17,1674166,22,2,10,0,1,9,77,1,0,0.08,Social Media,Nightgold,40,0.0,0.0
18,3010361,22,2,5,0,1,4,343,6,3,0.44,Social Media,Nightgold,40,0.87,6.82
19,3608587,22,2,12,0,0,10,49,1,0,0.12,Social Media,Nightgold,40,0.0,0.0
20,9189453,22,2,10,0,1,2,63,2,1,0.38,Social Media,Nightgold,40,1.59,2.63
21,2170660,22,1,13,0,0,7,126,6,1,2.4,Direct,Nightgold,40,0.79,0.42
22,3987490,22,1,1,0,0,5,6160,16,0,3.43,Direct,Nightgold,40,0.0,0.0
23,6862846,22,1,13,1,1,4,70,1,0,0.12,Direct,Nightgold,40,0.0,0.0
24,7146443,22,1,12,0,1,6,77,4,3,1.33,Direct,Nightgold,40,3.9,2.26
25,7292401,22,1,13,0,1,8,910,70,66,21.45,Direct,Nightgold,40,7.25,3.08
26,8503063,22,1,4,1,1,4,2527,2,1,0.02,Direct,Nightgold,40,0.04,50.0
27,1070330,3,5,6,0,0,5,78,74,46,24.67,Influencer,Lagoonware,22,58.97,1.86
28,3138898,3,5,8,1,1,2,70,1,0,0.12,Influencer,Lagoonware,22,0.0,0.0
29,4754543,3,5,6,1,1,5,679,16,14,0.33,Influencer,Lagoonware,22,2.06,42.42
30,5449383,3,5,5,0,1,8,133,6,5,1.2,Influencer,Lagoonware,22,3.76,4.17
31,6027689,3,5,6,0,0,8,973,1,0,0.12,Influencer,Lagoonware,22,0.0,0.0
32,7013557,3,5,6,1,1,10,10423,4058,993,111.47,Influencer,Lagoonware,22,9.53,8.91
33,7864351,3,5,1,1,0,1,609,3,0,0.5,Influencer,Lagoonware,22,0.0,0.0
34,9276853,3,5,6,1,1,8,602,287,185,5.63,Influencer,Lagoonware,22,30.73,32.86
35,2814949,3,4,3,0,1,3,147,1,0,0.12,Affiliate,Lagoonware,22,0.0,0.0
36,3079973,3,4,4,0,1,1,33,6,4,0.25,Affiliate,Lagoonware,22,12.12,16.0
37,3615502,3,4,2,0,1,9,910,22,15,3.47,Affiliate,Lagoonware,22,1.65,4.32
38,3852751,3,4,11,0,1,8,11585,5,2,1.25,Affiliate,Lagoonware,22,0.02,1.6
39,9591588,3,4,9,0,1,10,3472,94,79,27.18,Affiliate,Lagoonware,22,2.28,2.91
40,6010829,3,3,6,0,1,1,686,5,4,0.23,SEO/Organic,Lagoonware,22,0.58,17.39
41,7304470,3,3,4,0,1,5,25830,9,4,1.13,SEO/Organic,Lagoonware,22,0.02,3.54
42,7847729,3,3,7,0,0,7,413,1,0,0.12,SEO/Organic,Lagoonware,22,0.0,0.0
43,8725674,3,3,13,0,0,8,728,221,24,73.29,SEO/Organic,Lagoonware,22,3.3,0.33
44,9713505,3,3,11,0,1,3,147,2,0,1.0,SEO/Organic,Lagoonware,22,0.0,0.0
45,3380299,3,2,7,0,1,6,1008,18,5,3.38,Social Media,Lagoonware,22,0.5,1.48
46,3717837,3,2,5,0,0,10,35,5,4,0.61,Social Media,Lagoonware,22,11.43,6.56
47,3841062,3,2,10,0,0,9,3045,62,35,13.53,Social Media,Lagoonware,22,1.15,2.59
48,4071275,3,2,2,0,1,2,140,9,8,1.13,Social Media,Lagoonware,22,5.71,7.08
49,5264197,3,2,13,0,0,3,1281,1,0,0.06,Social Media,Lagoonware,22,0.0,0.0
50,5777792,3,2,12,0,1,3,343,8,5,1.14,Social Media,Lagoonware,22,1.46,4.39
51,7279513,3,2,13,1,1,8,322,6,0,0.73,Social Media,Lagoonware,22,0.0,0.0
52,7526473,3,2,1,1,1,3,7812,118,73,6.94,Social Media,Lagoonware,22,0.93,10.52
53,2623493,3,1,12,1,1,6,854,8,3,1.14,Direct,Lagoonware,22,0.35,2.63
54,2904592,3,1,6,0,1,8,133,1,0,0.19,Direct,Lagoonware,22,0.0,0.0
55,3073062,3,1,7,0,1,5,308,2,1,0.55,Direct,Lagoonware,22,0.32,1.82
56,1105241,30,5,7,0,0,2,1827,34,12,11.33,Influencer,Tulipdew,46,0.66,1.06
57,1572157,30,5,13,0,0,6,136213,4,3,0.18,Influencer,Tulipdew,46,0.0,16.67
58,2925734,30,5,3,0,1,9,11,7,0,1.17,Influencer,Tulipdew,46,0.0,0.0
59,3021895,30,5,6,0,1,9,287,2,1,0.41,Influencer,Tulipdew,46,0.35,2.44
60,3725563,30,5,8,0,0,4,1806,1,0,0.14,Influencer,Tulipdew,46,0.0,0.0
61,3870043,30,5,9,0,0,9,175,6,1,0.38,Influencer,Tulipdew,46,0.57,2.63
62,4345034,30,5,13,0,0,2,49,18,17,6.75,Influencer,Tulipdew,46,34.69,2.52
63,5811049,30,4,2,0,0,6,420,2,1,0.24,Affiliate,Tulipdew,46,0.24,4.17
64,8563718,30,4,6,0,1,3,42,1,0,0.1,Affiliate,Tulipdew,46,0.0,0.0
65,1644047,30,3,2,1,1,2,784,546,366,18.05,SEO/Organic,Tulipdew,46,46.68,20.28
66,2084352,30,3,5,0,1,10,1505,39,1,11.14,SEO/Organic,Tulipdew,46,0.07,0.09
67,2614211,30,3,5,0,0,10,5040,6,4,1.67,SEO/Organic,Tulipdew,46,0.08,2.4
68,3695436,30,3,9,0,1,7,1554,14,6,0.09,SEO/Organic,Tulipdew,46,0.39,66.67
69,6123739,30,3,11,0,0,3,28,20,6,6.67,SEO/Organic,Tulipdew,46,21.43,0.9
70,7852836,30,3,2,0,1,4,728,15,3,4.62,SEO/Organic,Tulipdew,46,0.41,0.65
71,9566616,30,3,3,0,1,6,336,67,48,18.17,SEO/Organic,Tulipdew,46,14.29,2.64
72,9679689,30,3,8,0,1,4,3472,158,2,38.37,SEO/Organic,Tulipdew,46,0.06,0.05
73,9705138,30,3,1,0,1,9,630,38,5,13.41,SEO/Organic,Tulipdew,46,0.79,0.37
74,1190370,30,2,3,0,1,10,49,10,0,3.33,Social Media,Tulipdew,46,0.0,0.0
75,1555010,30,2,4,0,1,10,343,1,0,0.07,Social Media,Tulipdew,46,0.0,0.0
76,6467489,30,2,12,1,1,3,385,1,0,0.12,Social Media,Tulipdew,46,0.0,0.0
77,7062204,30,2,12,0,1,6,33,9,3,1.13,Social Media,Tulipdew,46,9.09,2.65
78,7830439,30,2,8,0,1,2,3381,7,2,4.67,Social Media,Tulipdew,46,0.06,0.43
79,9179432,30,2,13,0,1,3,336,12,2,3.27,Social Media,Tulipdew,46,0.6,0.61
80,1317082,30,1,5,0,1,10,161,74,21,23.55,Direct,Tulipdew,46,13.04,0.89
81,2752956,30,1,13,0,1,10,308,69,27,35.07,Direct,Tulipdew,46,8.77,0.77
82,3032032,30,1,10,0,1,4,336,89,59,20.28,Direct,Tulipdew,46,17.56,2.91
83,4005368,30,1,3,0,1,4,924,1,0,0.12,Direct,Tulipdew,46,0.0,0.0
84,5000442,30,1,10,0,0,3,7665,88,37,15.79,Direct,Tulipdew,46,0.48,2.34
85,6503364,30,1,8,1,0,4,133,38,16,20.12,Direct,Tulipdew,46,12.03,0.8
86,1164162,12,5,12,0,1,1,175,3,2,0.25,Influencer,Webrews,13,1.14,8.0
87,2724384,12,5,5,0,1,6,308,12,5,5.45,Influencer,Webrews,13,1.62,0.92
88,2831857,12,5,13,1,1,5,294,1,0,0.12,Influencer,Webrews,13,0.0,0.0
89,8297512,12,5,8,0,1,8,728,60,48,9.06,Influencer,Webrews,13,6.59,5.3
90,8905192,12,5,10,1,1,10,623,215,105,32.64,Influencer,Webrews,13,16.85,3.22
91,9176123,12,5,10,0,1,2,11585,844,717,229.36,Influencer,Webrews,13,6.19,3.13
92,9641097,12,5,5,0,0,1,14,1,0,0.23,Influencer,Webrews,13,0.0,0.0
93,1271917,12,4,8,0,0,2,70,2,0,0.24,Affiliate,Webrews,13,0.0,0.0
94,7542347,12,4,9,0,1,2,336,50,9,13.64,Affiliate,Webrews,13,2.68,0.66
95,1792777,12,3,4,1,1,4,252,1,0,0.12,SEO/Organic,Webrews,13,0.0,0.0
96,2786874,12,3,12,0,1,8,49,2,1,0.24,SEO/Organic,Webrews,13,2.04,4.17
97,3185233,12,3,9,0,0,4,110474,2,0,0.12,SEO/Organic,Webrews,13,0.0,0.0
98,7225816,12,3,7,0,1,3,308,42,8,14.76,SEO/Organic,Webrews,13,2.6,0.54
99,8766440,12,3,4,0,0,6,294,4,1,1.33,SEO/Organic,Webrews,13,0.34,0.75
100,1954319,12,2,8,0,0,9,147,8,2,3.43,Social Media,Webrews,13,1.36,0.58
101,3374797,12,2,10,1,0,4,21028,1,0,0.12,Social Media,Webrews,13,0.0,0.0
102,4036918,12,1,8,0,0,7,49,18,8,6.75,Direct,Webrews,13,16.33,1.19
103,5612829,12,1,5,0,0,1,364,6,0,0.43,Direct,Webrews,13,0.0,0.0
104,6084992,12,1,1,0,1,8,147,8,0,2.29,Direct,Webrews,13,0.0,0.0
105,6418949,12,1,4,0,1,2,1554,14,5,0.09,Direct,Webrews,13,0.32,55.56
106,9805008,12,1,9,0,0,4,4466,588,321,214.02,Direct,Webrews,13,7.19,1.5
107,1211968,16,5,12,0,0,1,30961,237,220,81.26,Influencer,Karmarts,8,0.71,2.71
108,1709401,16,5,11,0,1,3,25830,148,33,28.24,Influencer,Karmarts,8,0.13,1.17
109,1822334,16,5,12,0,0,9,4466,545,289,168.9,Influencer,Karmarts,8,6.47,1.71
110,4624076,16,5,3,0,1,1,4060,101,40,5.61,Influencer,Karmarts,8,0.99,7.13
111,6032866,16,5,5,1,0,4,182,8,3,0.29,Influencer,Karmarts,8,1.65,10.34
112,6759184,16,5,9,0,0,2,42,29,27,8.92,Influencer,Karmarts,8,64.29,3.03
113,9121857,16,5,6,0,1,5,3472,94,27,27.18,Influencer,Karmarts,8,0.78,0.99
114,1171674,16,4,1,1,1,5,16835,451,170,21.29,Affiliate,Karmarts,8,1.01,7.98
115,3345727,16,4,6,0,0,4,77,11,4,3.3,Affiliate,Karmarts,8,5.19,1.21
116,3455077,16,4,8,0,1,3,11585,1391,400,351.14,Affiliate,Karmarts,8,3.45,1.14
117,5442948,16,4,6,0,1,8,287,48,10,12.28,Affiliate,Karmarts,8,3.48,0.81
118,5601571,16,4,7,0,0,2,70,40,23,17.14,Affiliate,Karmarts,8,32.86,1.34
119,6236363,16,4,12,1,1,7,7812,528,117,12.88,Affiliate,Karmarts,8,1.5,9.08
120,9975962,16,4,1,0,1,4,49,6,3,1.2,Affiliate,Karmarts,8,6.12,2.5
121,5748430,16,3,2,0,1,2,112,23,4,3.45,SEO/Organic,Karmarts,8,3.57,1.16
122,6653811,16,3,8,0,1,2,175,3,1,0.25,SEO/Organic,Karmarts,8,0.57,4.0
123,9746036,16,3,11,0,0,4,56,2,1,0.24,SEO/Organic,Karmarts,8,1.79,4.17
124,9780279,16,3,3,0,1,2,875,11,10,1.1,SEO/Organic,Karmarts,8,1.14,9.09
125,2571738,16,2,12,1,1,10,30863,676,398,13.27,Social Media,Karmarts,8,1.29,29.99
126,5860656,16,2,2,0,0,4,105,27,8,19.12,Social Media,Karmarts,8,7.62,0.42
127,7265787,16,2,2,0,1,7,14,5,1,0.03,Social Media,Karmarts,8,7.14,33.33
128,8456461,16,2,2,0,1,1,98,3,2,1.0,Social Media,Karmarts,8,2.04,2.0
129,9364187,16,2,2,0,1,6,14,1,0,0.12,Social Media,Karmarts,8,0.0,0.0
130,1428805,16,1,8,0,1,8,175,89,16,14.81,Direct,Karmarts,8,9.14,1.08
131,4255062,16,1,13,0,0,4,973,39,33,22.94,Direct,Karmarts,8,3.39,1.44
132,5306724,16,1,13,0,0,3,4466,70,18,6.77,Direct,Karmarts,8,0.4,2.66
133,6064232,16,1,2,1,1,7,16835,301,107,6.64,Direct,Karmarts,8,0.64,16.11
134,7822496,16,1,13,0,0,10,5040,1,0,0.28,Direct,Karmarts,8,0.0,0.0
135,9273594,16,1,1,1,1,4,294,16,7,1.95,Direct,Karmarts,8,2.38,3.59
136,9807840,16,1,1,0,0,1,19747,1,0,0.12,Direct,Karmarts,8,0.0,0.0
137,1238400,28,5,9,0,1,3,336,73,48,12.35,Influencer,Pyramid Softwares,33,14.29,3.89
138,1691710,28,5,3,0,1,8,77,2,1,0.47,Influencer,Pyramid Softwares,33,1.3,2.13
139,2755156,28,5,7,0,0,10,14,2,1,0.24,Influencer,Pyramid Softwares,33,7.14,4.17
140,3723054,28,5,8,0,1,10,322,62,19,12.4,Influencer,Pyramid Softwares,33,5.9,1.53
141,4095884,28,5,2,0,1,6,322,1,0,0.21,Influencer,Pyramid Softwares,33,0.0,0.0
142,7595967,28,5,5,0,1,5,343,12,11,1.2,Influencer,Pyramid Softwares,33,3.21,9.17
143,7736162,28,5,1,0,0,5,175,1,0,0.12,Influencer,Pyramid Softwares,33,0.0,0.0
144,9134056,28,5,1,0,0,9,721,43,5,10.18,Influencer,Pyramid Softwares,33,0.69,0.49
145,5821877,28,4,8,0,0,7,14,1,0,0.12,Affiliate,Pyramid Softwares,33,0.0,0.0
146,7864956,28,4,6,0,1,3,35,3,2,1.0,Affiliate,Pyramid Softwares,33,5.71,2.0
147,7937749,28,4,13,0,1,7,1183,1,0,0.04,Affiliate,Pyramid Softwares,33,0.0,0.0
148,2233755,28,3,12,1,1,6,308,3,2,0.08,SEO/Organic,Pyramid Softwares,33,0.65,25.0
149,2281581,28,3,3,0,0,3,1806,47,34,7.83,SEO/Organic,Pyramid Softwares,33,1.88,4.34
150,2617272,28,3,13,1,1,6,987,584,178,23.68,SEO/Organic,Pyramid Softwares,33,18.03,7.52
151,3619387,28,3,7,1,1,10,343,2,1,0.14,SEO/Organic,Pyramid Softwares,33,0.29,7.14
152,7341487,28,3,1,0,1,3,35,1,0,0.12,SEO/Organic,Pyramid Softwares,33,0.0,0.0
153,8490870,28,3,9,0,1,5,3472,203,0,78.94,SEO/Organic,Pyramid Softwares,33,0.0,0.0
154,4362689,28,2,11,0,1,2,3472,112,56,29.41,Social Media,Pyramid Softwares,33,1.61,1.9
155,5242475,28,2,6,0,0,1,7665,1,0,0.12,Social Media,Pyramid Softwares,33,0.0,0.0
156,6475652,28,2,7,0,1,2,98,18,5,5.63,Social Media,Pyramid Softwares,33,5.1,0.89
157,6559599,28,2,13,0,1,1,4256,1,0,0.12,Social Media,Pyramid Softwares,33,0.0,0.0
158,8627291,28,2,5,0,1,9,4060,42,13,5.68,Social Media,Pyramid Softwares,33,0.32,2.29
159,1024570,28,1,13,0,1,7,63,10,0,2.22,Direct,Pyramid Softwares,33,0.0,0.0
160,4192922,28,1,4,0,0,8,511,48,10,13.4,Direct,Pyramid Softwares,33,1.96,0.75
161,5969105,28,1,12,0,0,10,1526,83,24,22.43,Direct,Pyramid Softwares,33,1.57,1.07
162,6465355,28,1,8,0,0,10,30961,63,26,10.13,Direct,Pyramid Softwares,33,0.08,2.57
163,8365151,28,1,11,0,1,4,1554,1535,1367,65.32,Direct,Pyramid Softwares,33,87.97,20.93
164,1385251,8,5,8,0,1,5,11585,1150,800,400.98,Influencer,Heart Records,7,6.91,2.0
165,3145032,8,5,10,0,0,7,136213,2,0,0.09,Influencer,Heart Records,7,0.0,0.0
166,3820228,8,5,8,1,1,9,1330,4,3,0.01,Influencer,Heart Records,7,0.23,300.0
167,4491886,8,5,2,0,0,6,3969,116,68,16.89,Influencer,Heart Records,7,1.71,4.03
168,7151838,8,5,5,0,1,10,1589,9,5,1.13,Influencer,Heart Records,7,0.31,4.42
169,8945083,8,5,11,1,0,4,182,80,28,10.14,Influencer,Heart Records,7,15.38,2.76
170,1541512,8,4,7,0,0,2,35,2,1,0.24,Affiliate,Heart Records,7,2.86,4.17
171,1590396,8,4,6,0,1,5,77,1,0,0.12,Affiliate,Heart Records,7,0.0,0.0
172,2203017,8,4,8,1,1,10,428,5,4,0.04,Affiliate,Heart Records,7,0.93,100.0
173,3726651,8,4,4,0,1,1,133,11,3,3.3,Affiliate,Heart Records,7,2.26,0.91
174,5902984,8,4,1,0,1,2,2170,2,1,0.33,Affiliate,Heart Records,7,0.05,3.03
175,6786726,8,4,9,0,0,9,49,2,1,1.0,Affiliate,Heart Records,7,2.04,1.0
176,7093650,8,4,9,0,0,10,63,4,3,1.33,Affiliate,Heart Records,7,4.76,2.26
177,1663128,8,3,2,0,1,1,49,6,5,2.4,SEO/Organic,Heart Records,7,10.2,2.08
178,2260084,8,3,3,0,1,5,133,6,2,1.2,SEO/Organic,Heart Records,7,1.5,1.67
179,2710946,8,3,8,0,0,7,21,17,11,6.8,SEO/Organic,Heart Records,7,52.38,1.62
180,4001629,8,3,7,1,1,4,30863,526,409,10.32,SEO/Organic,Heart Records,7,1.33,39.63
181,5841675,8,3,13,1,1,6,119,1,0,0.12,SEO/Organic,Heart Records,7,0.0,0.0
182,9905599,8,3,10,0,1,10,7,4,0,0.02,SEO/Organic,Heart Records,7,0.0,0.0
183,3362467,8,2,7,0,1,6,14,1,0,0.2,Social Media,Heart Records,7,0.0,0.0
184,3833137,8,2,10,0,1,10,161,74,25,23.55,Social Media,Heart Records,7,15.53,1.06
185,4748419,8,2,11,0,0,5,224,1,0,0.12,Social Media,Heart Records,7,0.0,0.0
186,7552300,8,2,12,0,1,5,63,8,2,2.29,Social Media,Heart Records,7,3.17,0.87
187,8043549,8,2,4,0,1,6,63,2,1,0.24,Social Media,Heart Records,7,1.59,4.17
188,9656703,8,2,6,0,1,5,441,50,49,10.23,Social Media,Heart Records,7,11.11,4.79
189,9980248,8,2,3,0,1,4,728,23,7,4.6,Social Media,Heart Records,7,0.96,1.52
190,1873528,8,1,9,0,1,6,1589,42,17,9.08,Direct,Heart Records,7,1.07,1.87
191,4646699,8,1,1,1,1,5,735,11,2,1.34,Direct,Heart Records,7,0.27,1.49
192,8389894,8,1,4,0,0,5,1806,40,2,6.86,Direct,Heart Records,7,0.11,0.29
193,1406524,13,5,2,0,1,8,28,1,0,0.12,Influencer,Jungle Navigations,25,0.0,0.0
194,1992500,13,5,13,0,1,8,3472,149,26,40.64,Influencer,Jungle Navigations,25,0.75,0.64
195,2001914,13,5,1,0,1,5,175,53,7,12.4,Influencer,Jungle Navigations,25,4.0,0.56
196,2121189,13,5,7,1,1,8,2464,229,139,8.17,Influencer,Jungle Navigations,25,5.64,17.01
197,2885137,13,5,4,0,0,7,217,3,1,0.5,Influencer,Jungle Navigations,25,0.46,2.0
198,3111526,13,5,9,0,1,5,2170,37,29,4.48,Influencer,Jungle Navigations,25,1.34,6.47
199,5320998,13,5,7,0,0,10,1827,6,3,0.92,Influencer,Jungle Navigations,25,0.16,3.26
200,5890570,13,5,11,0,1,8,133,2,1,0.38,Influencer,Jungle Navigations,25,0.75,2.63
201,6058683,13,5,2,0,1,7,4060,347,251,43.94,Influencer,Jungle Navigations,25,6.18,5.71
202,9152051,13,5,7,0,0,9,532,62,50,21.42,Influencer,Jungle Navigations,25,9.4,2.33
203,2360568,13,4,10,0,0,2,287,1,0,0.12,Affiliate,Jungle Navigations,25,0.0,0.0
204,2622828,13,4,8,0,1,3,210,18,16,2.25,Affiliate,Jungle Navigations,25,7.62,7.11
205,5647036,13,4,4,1,1,5,2527,1,0,0.01,Affiliate,Jungle Navigations,25,0.0,0.0
206,9045934,13,4,2,0,1,7,1057,8,4,1.14,Affiliate,Jungle Navigations,25,0.38,3.51
207,9226673,13,4,11,0,1,3,11585,187,139,55.2,Affiliate,Jungle Navigations,25,1.2,2.52
208,1706690,13,3,2,0,0,4,84,8,2,0.98,SEO/Organic,Jungle Navigations,25,2.38,2.04
209,4018976,13,3,11,0,0,4,112,1,0,0.12,SEO/Organic,Jungle Navigations,25,0.0,0.0
210,4362468,13,3,7,0,1,1,924,7,6,3.5,SEO/Organic,Jungle Navigations,25,0.65,1.71
211,5342107,13,3,6,0,1,9,1008,61,13,27.11,SEO/Organic,Jungle Navigations,25,1.29,0.48
212,6535042,13,3,4,0,1,9,1057,37,19,15.7,SEO/Organic,Jungle Navigations,25,1.8,1.21
213,7447718,13,3,3,0,0,9,105,6,2,3.6,SEO/Organic,Jungle Navigations,25,1.9,0.56
214,8989277,13,3,10,0,0,9,574,1,0,0.18,SEO/Organic,Jungle Navigations,25,0.0,0.0
215,1029708,13,2,6,0,1,8,77,3,0,1.0,Social Media,Jungle Navigations,25,0.0,0.0
216,2760260,13,2,11,0,0,1,14,1,0,0.12,Social Media,Jungle Navigations,25,0.0,0.0
217,8481374,13,2,1,0,0,5,5040,239,86,125.14,Social Media,Jungle Navigations,25,1.71,0.69
218,8825810,13,2,12,1,1,10,16835,1225,354,27.02,Social Media,Jungle Navigations,25,2.1,13.1
219,9578580,13,2,8,1,1,5,15554,43,6,1.19,Social Media,Jungle Navigations,25,0.04,5.04
220,3732609,13,1,6,0,1,7,33,10,3,1.11,Direct,Jungle Navigations,25,9.09,2.7
221,3969940,13,1,2,1,1,4,10423,23,8,2.3,Direct,Jungle Navigations,25,0.08,3.48
222,6230364,13,1,2,0,0,3,378,1,0,0.12,Direct,Jungle Navigations,25,0.0,0.0
223,9082462,13,1,3,0,0,4,721,20,15,5.56,Direct,Jungle Navigations,25,2.08,2.7
224,1469959,10,5,5,0,1,7,490,6,4,1.2,Influencer,Nero Enterprises,33,0.82,3.33
225,1560732,10,5,3,1,1,2,7812,117,18,6.88,Influencer,Nero Enterprises,33,0.23,2.62
226,1579505,10,5,3,1,1,3,16835,1,0,0.03,Influencer,Nero Enterprises,33,0.0,0.0
227,1583608,10,5,9,0,1,9,7,2,1,0.24,Influencer,Nero Enterprises,33,14.29,4.17
228,1680203,10,5,3,0,1,10,42,7,6,3.5,Influencer,Nero Enterprises,33,14.29,1.71
229,1761219,10,5,13,0,1,1,98,14,10,4.67,Influencer,Nero Enterprises,33,10.2,2.14
230,1960992,10,5,9,0,0,10,91,18,5,5.63,Influencer,Nero Enterprises,33,5.49,0.89
231,4733946,10,5,7,0,0,2,136213,11,2,0.51,Influencer,Nero Enterprises,33,0.0,3.92
232,6774742,10,5,4,0,1,5,28,2,0,0.24,Influencer,Nero Enterprises,33,0.0,0.0
233,9540271,10,5,4,0,1,5,28,5,2,2.5,Influencer,Nero Enterprises,33,7.14,0.8
234,2229739,10,4,9,0,1,1,497,1,0,0.17,Affiliate,Nero Enterprises,33,0.0,0.0
235,2367710,10,4,11,1,1,5,315,2,0,0.02,Affiliate,Nero Enterprises,33,0.0,0.0
236,4920068,10,4,13,0,1,5,133,12,0,3.27,Affiliate,Nero Enterprises,33,0.0,0.0
237,7688507,10,4,8,1,1,1,1330,492,457,6.76,Affiliate,Nero Enterprises,33,34.36,67.6
238,8633509,10,4,2,0,1,2,133,19,8,7.82,Affiliate,Nero Enterprises,33,6.02,1.02
239,9414580,10,4,1,1,1,4,2464,303,265,10.81,Affiliate,Nero Enterprises,33,10.75,24.51
240,9957169,10,4,1,0,1,1,175,16,14,2.29,Affiliate,Nero Enterprises,33,8.0,6.11
241,1583805,10,3,5,0,1,7,11585,843,66,315.14,SEO/Organic,Nero Enterprises,33,0.57,0.21
242,1690409,10,3,5,0,1,4,343,12,11,4.36,SEO/Organic,Nero Enterprises,33,3.21,2.52
243,3194428,10,3,12,0,1,10,322,31,2,4.59,SEO/Organic,Nero Enterprises,33,0.62,0.44
244,5952017,10,3,12,0,1,4,77,11,1,8.8,SEO/Organic,Nero Enterprises,33,1.3,0.11
245,8606119,10,3,6,0,0,7,168,15,13,5.77,SEO/Organic,Nero Enterprises,33,7.74,2.25
246,8825447,10,3,10,0,1,4,161,4,1,0.23,SEO/Organic,Nero Enterprises,33,0.62,4.35
247,9925522,10,3,4,0,1,2,42,1,0,0.12,SEO/Organic,Nero Enterprises,33,0.0,0.0
248,1767833,10,2,8,1,1,1,315,5,3,0.04,Social Media,Nero Enterprises,33,0.95,75.0
249,2200582,10,2,9,0,1,2,343,4,0,0.29,Social Media,Nero Enterprises,33,0.0,0.0
250,2694612,10,2,3,1,1,6,2464,23,10,2.3,Social Media,Nero Enterprises,33,0.41,4.35
251,5080319,10,2,1,0,0,10,6160,24,17,6.86,Social Media,Nero Enterprises,33,0.28,2.48
252,8113829,10,2,11,0,1,1,28,25,21,1.14,Social Media,Nero Enterprises,33,75.0,18.42
253,2770598,10,1,3,0,1,5,175,51,50,8.11,Direct,Nero Enterprises,33,28.57,6.17
254,3726396,10,1,3,0,1,1,924,5,1,2.5,Direct,Nero Enterprises,33,0.11,0.4
255,7561044,10,1,11,0,1,8,1008,5,2,0.38,Direct,Nero Enterprises,33,0.2,5.26
256,8918633,10,1,9,1,1,8,30863,316,24,22.57,Direct,Nero Enterprises,33,0.08,1.06
257,9437624,10,1,6,0,1,9,644,152,27,18.57,Direct,Nero Enterprises,33,4.19,1.45
258,1731551,18,5,7,0,1,7,1505,60,39,15.85,Influencer,Answer Productions,37,2.59,2.46
259,4716625,18,5,11,1,1,4,1965,5,2,0.05,Influencer,Answer Productions,37,0.1,40.0
260,6857152,18,5,2,0,1,10,133,21,16,6.63,Influencer,Answer Productions,37,12.03,2.41
261,9175151,18,5,12,1,1,6,294,7,5,1.17,Influencer,Answer Productions,37,1.7,4.27
262,4205096,18,4,13,0,1,10,133,7,0,1.17,Affiliate,Answer Productions,37,0.0,0.0
263,4997788,18,4,10,1,0,4,182,26,24,2.26,Affiliate,Answer Productions,37,13.19,10.62
264,5200139,18,4,8,0,1,8,3381,16,10,11.43,Affiliate,Answer Productions,37,0.3,0.87
265,6503714,18,4,8,1,1,7,1965,226,48,2.09,Affiliate,Answer Productions,37,2.44,22.97
266,7322529,18,4,6,1,1,8,830,769,234,117.1,Affiliate,Answer Productions,37,28.19,2.0
267,8017310,18,4,4,0,0,1,133,1,0,0.12,Affiliate,Answer Productions,37,0.0,0.0
268,8247891,18,4,7,0,1,5,165361,169,143,102.53,Affiliate,Answer Productions,37,0.09,1.39
269,8496373,18,4,10,0,1,4,210,2,0,0.24,Affiliate,Answer Productions,37,0.0,0.0
270,9494322,18,4,8,0,1,7,42,3,1,1.0,Affiliate,Answer Productions,37,2.38,1.0
271,9863944,18,4,11,0,1,9,343,1,0,0.07,Affiliate,Answer Productions,37,0.0,0.0
272,1141017,18,3,6,0,0,9,98,11,2,2.2,SEO/Organic,Answer Productions,37,2.04,0.91
273,1935681,18,3,10,0,1,2,238,1,0,0.17,SEO/Organic,Answer Productions,37,0.0,0.0
274,3235653,18,3,10,0,1,6,686,10,3,1.11,SEO/Organic,Answer Productions,37,0.44,2.7
275,4776294,18,3,5,0,1,10,322,1,0,0.13,SEO/Organic,Answer Productions,37,0.0,0.0
276,5518348,18,3,4,0,0,9,245,14,2,8.17,SEO/Organic,Answer Productions,37,0.82,0.24
277,7001658,18,3,3,1,1,9,10423,1,0,0.01,SEO/Organic,Answer Productions,37,0.0,0.0
278,7795992,18,3,7,0,0,7,420,89,71,10.87,SEO/Organic,Answer Productions,37,16.9,6.53
279,9960398,18,3,3,0,1,8,274,1,0,0.12,SEO/Organic,Answer Productions,37,0.0,0.0
280,2063792,18,2,2,0,1,10,56,9,6,5.63,Social Media,Answer Productions,37,10.71,1.07
281,4653294,18,2,6,0,1,9,322,63,58,18.0,Social Media,Answer Productions,37,18.01,3.22
282,4941996,18,2,8,0,1,2,77,3,2,0.29,Social Media,Answer Productions,37,2.6,6.9
283,6577888,18,2,2,1,1,9,54012,154,116,23.29,Social Media,Answer Productions,37,0.21,4.98
284,2424938,18,1,13,0,1,2,7,1,0,0.12,Direct,Answer Productions,37,0.0,0.0
285,8247731,18,1,13,0,1,10,21,6,0,1.2,Direct,Answer Productions,37,0.0,0.0
286,8558163,18,1,10,0,1,1,28,14,6,7.0,Direct,Answer Productions,37,21.43,0.86
287,1790511,24,5,8,0,0,9,56,1,0,0.12,Influencer,Flukords,32,0.0,0.0
288,4203789,24,5,6,0,0,5,5040,271,229,144.53,Influencer,Flukords,32,4.54,1.58
289,4414494,24,5,11,0,1,5,77,6,2,2.4,Influencer,Flukords,32,2.6,0.83
290,4473155,24,5,2,1,0,8,182,2,1,0.07,Influencer,Flukords,32,0.55,14.29
291,4848172,24,5,13,1,1,8,679,10,9,0.2,Influencer,Flukords,32,1.33,45.0
292,4869551,24,5,2,1,0,4,182,37,23,6.73,Influencer,Flukords,32,12.64,3.42
293,5446152,24,5,6,1,1,9,54012,4952,1928,136.74,Influencer,Flukords,32,3.57,14.1
294,5639310,24,5,2,0,1,1,49,6,3,0.73,Influencer,Flukords,32,6.12,4.11
295,5791400,24,5,13,1,1,6,91,3,2,0.37,Influencer,Flukords,32,2.2,5.41
296,6016753,24,5,7,0,1,10,63,1,0,0.12,Influencer,Flukords,32,0.0,0.0
297,6576606,24,5,12,0,0,8,511,20,4,3.33,Influencer,Flukords,32,0.78,1.2
298,7014622,24,5,13,0,0,2,4466,200,165,64.04,Influencer,Flukords,32,3.69,2.58
299,7160005,24,5,6,0,1,3,336,24,3,6.86,Influencer,Flukords,32,0.89,0.44
300,7701633,24,5,5,0,1,10,133,2,0,0.38,Influencer,Flukords,32,0.0,0.0
301,8981567,24,5,3,0,0,10,574,59,52,21.56,Influencer,Flukords,32,9.06,2.41
302,3386208,24,4,11,0,1,4,238,50,8,21.59,Affiliate,Flukords,32,3.36,0.37
303,4453139,24,4,13,0,1,3,441,18,0,1.13,Affiliate,Flukords,32,0.0,0.0
304,7698752,24,4,7,0,0,3,5040,167,128,64.32,Affiliate,Flukords,32,2.54,1.99
305,8336411,24,4,3,1,1,2,1176,9,4,0.09,Affiliate,Flukords,32,0.34,44.44
306,9108495,24,4,3,1,1,5,16835,153,11,10.13,Affiliate,Flukords,32,0.07,1.09
307,2300794,24,3,13,0,1,1,25830,5,1,0.72,SEO/Organic,Flukords,32,0.0,1.39
308,2820276,24,3,13,1,1,8,15554,2803,1790,46.17,SEO/Organic,Flukords,32,11.51,38.77
309,3849571,24,3,3,0,1,8,28,5,3,1.25,SEO/Organic,Flukords,32,10.71,2.4
310,7599803,24,3,2,0,1,5,50,11,4,5.5,SEO/Organic,Flukords,32,8.0,0.73
311,1199595,24,2,5,0,0,7,441,2,0,1.0,Social Media,Flukords,32,0.0,0.0
312,1248609,24,2,3,0,0,8,301,17,12,7.93,Social Media,Flukords,32,3.99,1.51
313,1440801,24,2,10,0,0,2,574,59,16,21.56,Social Media,Flukords,32,2.79,0.74
314,2122221,24,2,5,1,1,7,427,2,1,0.24,Social Media,Flukords,32,0.23,4.17
315,3298451,24,2,8,0,1,4,25830,333,110,96.75,Social Media,Flukords,32,0.43,1.14
316,3458270,24,2,11,0,1,8,35,1,0,0.12,Social Media,Flukords,32,0.0,0.0
317,4609379,24,2,3,1,1,2,1176,9,4,0.09,Social Media,Flukords,32,0.34,44.44
318,4724364,24,2,1,1,1,4,784,226,150,1.87,Social Media,Flukords,32,19.13,80.21
319,4813077,24,2,10,0,1,5,441,15,0,1.15,Social Media,Flukords,32,0.0,0.0
320,6008007,24,2,1,1,1,7,30863,6,2,0.03,Social Media,Flukords,32,0.01,66.67
321,6615265,24,2,8,0,1,4,165361,106,49,53.0,Social Media,Flukords,32,0.03,0.92
322,7072178,24,2,4,0,0,5,973,7,2,1.13,Social Media,Flukords,32,0.21,1.77
323,7515356,24,2,10,0,1,9,175,31,1,9.19,Social Media,Flukords,32,0.57,0.11
324,8809389,24,2,5,1,1,3,469,2,1,0.01,Social Media,Flukords,32,0.21,100.0
325,9003596,24,2,11,1,0,7,182,5,1,0.18,Social Media,Flukords,32,0.55,5.56
326,9488405,24,2,3,1,1,9,455,9,6,2.25,Social Media,Flukords,32,1.32,2.67
327,1006708,24,1,2,0,0,10,224,1,0,0.2,Direct,Flukords,32,0.0,0.0
328,2315604,24,1,10,1,1,9,21028,20,5,11.76,Direct,Flukords,32,0.02,0.43
329,3373360,24,1,2,0,1,4,875,41,10,7.97,Direct,Flukords,32,1.14,1.25
330,3990069,24,1,7,0,1,5,161,24,12,4.57,Direct,Flukords,32,7.45,2.63
331,5569220,24,1,2,0,0,1,6160,211,123,107.19,Direct,Flukords,32,2.0,1.15
332,7438653,24,1,8,0,1,10,308,38,33,10.06,Direct,Flukords,32,10.71,3.28
333,8481148,24,1,6,0,0,9,7665,28,1,4.48,Direct,Flukords,32,0.01,0.22
334,8749765,24,1,8,0,1,4,336,95,47,18.1,Direct,Flukords,32,13.99,2.6
335,1879130,19,5,12,0,1,2,25830,80,21,30.42,Influencer,Petalimited,28,0.08,0.69
336,2849415,19,5,1,1,1,8,196,1,0,0.12,Influencer,Petalimited,28,0.0,0.0
337,3317046,19,5,9,0,1,9,3472,154,78,70.82,Influencer,Petalimited,28,2.25,1.1
338,5123452,19,5,3,0,1,2,56,5,4,1.25,Influencer,Petalimited,28,7.14,3.2
339,6632633,19,5,11,0,0,9,70,3,2,1.0,Influencer,Petalimited,28,2.86,2.0
340,6967852,19,5,4,1,1,4,16835,153,150,10.13,Influencer,Petalimited,28,0.89,14.81
341,8070598,19,5,2,0,0,4,189,7,4,3.5,Influencer,Petalimited,28,2.12,1.14
342,9164867,19,5,8,0,0,9,49,1,0,0.2,Influencer,Petalimited,28,0.0,0.0
343,4002164,19,4,10,0,0,9,30961,8,2,1.96,Affiliate,Petalimited,28,0.01,1.02
344,5422301,19,4,11,0,1,4,175,1,0,0.08,Affiliate,Petalimited,28,0.0,0.0
345,5538471,19,4,9,0,0,5,98,6,4,1.2,Affiliate,Petalimited,28,4.08,3.33
346,7425979,19,4,12,0,1,7,56,5,1,1.25,Affiliate,Petalimited,28,1.79,0.8
347,8093287,19,4,2,0,1,9,4060,2,0,0.17,Affiliate,Petalimited,28,0.0,0.0
348,8388922,19,4,11,0,1,1,42,8,6,3.43,Affiliate,Petalimited,28,14.29,1.75
349,3338873,19,3,3,0,1,5,3381,17,7,7.93,SEO/Organic,Petalimited,28,0.21,0.88
350,1705327,19,2,8,0,0,7,136213,162,49,42.75,Social Media,Petalimited,28,0.04,1.15
351,2858344,19,2,13,1,1,4,30863,389,87,5.64,Social Media,Petalimited,28,0.28,15.43
352,3068146,19,2,8,0,0,10,30961,38,26,7.82,Social Media,Petalimited,28,0.08,3.32
353,3138151,19,2,4,0,1,8,175,61,38,10.17,Social Media,Petalimited,28,21.71,3.74
354,5454740,19,2,3,0,1,10,686,14,10,2.33,Social Media,Petalimited,28,1.46,4.29
355,5816383,19,2,8,0,0,4,98,1,0,0.12,Social Media,Petalimited,28,0.0,0.0
356,6061257,19,2,12,0,1,9,48055,15,4,1.15,Social Media,Petalimited,28,0.01,3.48
357,7896306,19,2,9,0,1,5,4060,116,47,12.39,Social Media,Petalimited,28,1.16,3.79
358,9808005,19,2,11,0,1,10,7,5,0,0.03,Social Media,Petalimited,28,0.0,0.0
359,1335725,19,1,10,0,1,8,1057,19,11,4.47,Direct,Petalimited,28,1.04,2.46
360,1447781,19,1,1,0,0,2,147,5,3,2.5,Direct,Petalimited,28,2.04,1.2
361,2052752,19,1,3,0,1,1,336,65,4,17.93,Direct,Petalimited,28,1.19,0.22
362,2844613,19,1,1,1,1,8,196,1,0,0.12,Direct,Petalimited,28,0.0,0.0
363,3996165,19,1,2,0,1,1,910,21,20,5.83,Direct,Petalimited,28,2.2,3.43
364,5260742,19,1,6,0,1,3,175,55,7,13.47,Direct,Petalimited,28,4.0,0.52
365,7262577,19,1,9,1,1,10,784,6,0,0.05,Direct,Petalimited,28,0.0,0.0
366,7661788,19,1,11,1,1,6,54012,159,14,106.0,Direct,Petalimited,28,0.03,0.13
367,8020876,19,1,3,0,1,5,105,11,0,6.6,Direct,Petalimited,28,0.0,0.0
368,8047461,19,1,3,0,0,8,14,2,1,1.0,Direct,Petalimited,28,7.14,1.0
369,1893525,23,5,7,0,1,8,238,3,0,1.0,Influencer,Canics,40,0.0,0.0
370,1980404,23,5,6,1,1,10,469,1,0,0.12,Influencer,Canics,40,0.0,0.0
371,5689563,23,5,5,0,1,7,56,7,4,2.33,Influencer,Canics,40,7.14,1.72
372,6408967,23,5,1,0,0,2,70,10,3,1.11,Influencer,Canics,40,4.29,2.7
373,6484982,23,5,10,0,1,9,11585,1098,214,283.79,Influencer,Canics,40,1.85,0.75
374,8926675,23,5,6,1,1,3,308,2,1,0.05,Influencer,Canics,40,0.32,20.0
375,1996603,23,4,10,0,1,4,56,5,0,0.47,Affiliate,Canics,40,0.0,0.0
376,3509397,23,4,12,0,1,7,910,7,0,1.92,Affiliate,Canics,40,0.0,0.0
377,4027666,23,4,5,0,0,5,4466,459,55,156.38,Affiliate,Canics,40,1.23,0.35
378,4454146,23,4,3,0,0,6,189,1,0,0.12,Affiliate,Canics,40,0.0,0.0
379,5902032,23,4,11,0,1,2,33,5,2,0.21,Affiliate,Canics,40,6.06,9.52
380,5919263,23,4,11,0,1,10,28,3,0,1.0,Affiliate,Canics,40,0.0,0.0
381,8004759,23,4,8,0,1,2,63,7,2,1.17,Affiliate,Canics,40,3.17,1.71
382,8330345,23,4,6,0,1,6,322,5,1,1.25,Affiliate,Canics,40,0.31,0.8
383,8495579,23,4,1,1,1,6,427,2,1,0.24,Affiliate,Canics,40,0.23,4.17
384,8995074,23,4,1,0,0,4,721,1,0,0.34,Affiliate,Canics,40,0.0,0.0
385,3877620,23,3,7,0,1,1,3472,1,0,0.12,SEO/Organic,Canics,40,0.0,0.0
386,4187603,23,3,3,0,0,5,70,1,0,0.28,SEO/Organic,Canics,40,0.0,0.0
387,7663333,23,3,9,0,1,8,14,2,1,0.24,SEO/Organic,Canics,40,7.14,4.17
388,1107082,23,2,8,0,1,8,630,26,11,7.91,Social Media,Canics,40,1.75,1.39
389,2407409,23,2,8,0,0,1,1827,9,2,1.13,Social Media,Canics,40,0.11,1.77
390,4562198,23,2,9,0,1,5,343,8,3,1.14,Social Media,Canics,40,0.87,2.63
391,5526661,23,2,6,0,1,8,28,7,3,0.04,Social Media,Canics,40,10.71,75.0
392,5709632,23,2,3,0,0,2,1806,1,0,0.14,Social Media,Canics,40,0.0,0.0
393,5769845,23,2,5,0,1,8,161,10,4,3.33,Social Media,Canics,40,2.48,1.2
394,6372773,23,2,12,0,0,9,518,15,12,4.62,Social Media,Canics,40,2.32,2.6
395,9042098,23,2,9,0,1,7,25830,1,0,0.14,Social Media,Canics,40,0.0,0.0
396,9547740,23,2,13,0,1,1,175,27,11,2.23,Social Media,Canics,40,6.29,4.93
397,1036088,23,1,8,0,0,5,7665,6,3,0.73,Direct,Canics,40,0.04,4.11
398,1498822,23,1,2,0,0,2,1281,92,90,21.32,Direct,Canics,40,7.03,4.22
399,3866457,23,1,2,0,0,10,56,2,0,0.24,Direct,Canics,40,0.0,0.0
400,4000813,23,1,12,0,1,1,441,57,46,12.54,Direct,Canics,40,10.43,3.67
401,5946080,23,1,12,0,0,3,861,3,0,0.37,Direct,Canics,40,0.0,0.0
402,6386395,23,1,10,0,1,2,686,52,0,10.17,Direct,Canics,40,0.0,0.0
403,6505634,23,1,3,0,0,2,14,2,1,1.0,Direct,Canics,40,7.14,1.0
404,8098518,23,1,9,0,0,3,525,2,0,0.24,Direct,Canics,40,0.0,0.0
405,8243532,23,1,9,1,1,5,30863,3099,2722,104.73,Direct,Canics,40,8.82,25.99
406,9255860,23,1,1,0,1,7,210,2,0,0.13,Direct,Canics,40,0.0,0.0
407,9806481,23,1,5,0,1,9,105,9,8,1.13,Direct,Canics,40,7.62,7.08
408,1955069,27,5,8,0,1,5,50,24,23,4.57,Influencer,Rhinotainment,17,46.0,5.03
409,2864468,27,5,2,1,1,4,2464,2098,1711,104.39,Influencer,Rhinotainment,17,69.44,16.39
410,5258179,27,5,12,0,1,2,3472,124,27,34.95,Influencer,Rhinotainment,17,0.78,0.77
411,5775006,27,5,7,0,1,7,1827,8,1,1.14,Influencer,Rhinotainment,17,0.05,0.88
412,1665428,27,4,6,0,0,3,49,1,0,0.2,Affiliate,Rhinotainment,17,0.0,0.0
413,2660362,27,4,10,0,1,2,175,1,0,0.08,Affiliate,Rhinotainment,17,0.0,0.0
414,6597803,27,4,7,0,1,2,133,11,4,3.3,Affiliate,Rhinotainment,17,3.01,1.21
415,7480736,27,4,1,0,0,3,105,7,6,2.33,Affiliate,Rhinotainment,17,5.71,2.58
416,7931876,27,4,1,0,0,3,105,1,0,0.12,Affiliate,Rhinotainment,17,0.0,0.0
417,9124338,27,4,2,0,0,3,560,1,0,0.12,Affiliate,Rhinotainment,17,0.0,0.0
418,9196137,27,4,11,0,0,4,34762,2,1,0.24,Affiliate,Rhinotainment,17,0.0,4.17
419,5507470,27,3,1,0,1,2,175,51,9,14.73,SEO/Organic,Rhinotainment,17,5.14,0.61
420,7202690,27,3,6,0,0,2,30961,93,59,46.5,SEO/Organic,Rhinotainment,17,0.19,1.27
421,7264576,27,3,4,0,1,9,1183,7,1,0.25,SEO/Organic,Rhinotainment,17,0.08,4.0
422,2383696,27,2,1,0,0,9,294,5,3,2.5,Social Media,Rhinotainment,17,1.02,1.2
423,3486019,27,2,1,0,0,2,364,16,7,2.29,Social Media,Rhinotainment,17,1.92,3.06
424,9593220,27,2,11,1,1,10,2527,2,0,0.02,Social Media,Rhinotainment,17,0.0,0.0
425,2860935,27,1,4,1,1,10,112,1,0,0.01,Direct,Rhinotainment,17,0.0,0.0
426,4430906,27,1,10,0,1,1,49,3,2,0.37,Direct,Rhinotainment,17,4.08,5.41
427,5162553,27,1,10,0,1,6,98,7,3,3.5,Direct,Rhinotainment,17,3.06,0.86
428,6029908,27,1,12,0,1,5,322,11,6,3.3,Direct,Rhinotainment,17,1.86,1.82
429,6575029,27,1,11,0,0,6,7665,9,4,1.28,Direct,Rhinotainment,17,0.05,3.12
430,8256029,27,1,11,1,1,8,15624,9935,4348,284.95,Direct,Rhinotainment,17,27.83,15.26
431,2013347,25,5,10,0,1,1,322,23,0,3.45,Influencer,Void Lighting,35,0.0,0.0
432,5475737,25,5,2,0,1,1,33,5,2,0.21,Influencer,Void Lighting,35,6.06,9.52
433,5891464,25,5,5,0,1,4,889,144,66,64.13,Influencer,Void Lighting,35,7.42,1.03
434,5934510,25,5,9,1,1,7,784,10,7,0.08,Influencer,Void Lighting,35,0.89,87.5
435,6186843,25,5,11,0,1,10,165361,110,5,42.65,Influencer,Void Lighting,35,0.0,0.12
436,6577353,25,5,2,0,0,3,30961,423,395,121.5,Influencer,Void Lighting,35,1.28,3.25
437,7287943,25,5,1,1,1,1,343,1,0,0.07,Influencer,Void Lighting,35,0.0,0.0
438,9099580,25,5,8,0,1,7,322,65,56,17.93,Influencer,Void Lighting,35,17.39,3.12
439,3824335,25,4,2,1,1,1,469,386,201,6.75,Affiliate,Void Lighting,35,42.86,29.78
440,6836813,25,4,2,0,0,9,511,41,36,15.94,Affiliate,Void Lighting,35,7.05,2.26
441,6886909,25,4,13,0,1,10,68656,3,0,0.27,Affiliate,Void Lighting,35,0.0,0.0
442,9190393,25,4,11,1,1,10,735,150,100,18.32,Affiliate,Void Lighting,35,13.61,5.46
443,7424939,25,3,6,0,0,1,12565,1,0,0.12,SEO/Organic,Void Lighting,35,0.0,0.0
444,8787518,25,3,2,1,1,1,1169,47,10,8.95,SEO/Organic,Void Lighting,35,0.86,1.12
445,1267039,25,2,10,0,1,3,133,10,7,6.67,Social Media,Void Lighting,35,5.26,1.05
446,1280007,25,2,10,1,1,6,235,215,40,5.63,Social Media,Void Lighting,35,17.02,7.1
447,2338987,25,2,10,0,0,2,1526,1,0,0.09,Social Media,Void Lighting,35,0.0,0.0
448,4362517,25,2,11,0,0,9,1687,98,39,16.9,Social Media,Void Lighting,35,2.31,2.31
449,5768598,25,2,9,1,0,10,609,7,4,2.33,Social Media,Void Lighting,35,0.66,1.72
450,6100395,25,2,10,0,1,10,322,59,30,14.75,Social Media,Void Lighting,35,9.32,2.03
451,9472754,25,2,9,0,1,4,77,6,0,3.6,Social Media,Void Lighting,35,0.0,0.0
452,1005216,25,1,13,0,0,8,140,2,0,0.24,Direct,Void Lighting,35,0.0,0.0
453,1264980,25,1,12,0,1,3,21,9,1,0.05,Direct,Void Lighting,35,4.76,20.0
454,1654114,25,1,8,0,1,8,308,13,10,2.36,Direct,Void Lighting,35,3.25,4.24
455,2786415,25,1,3,0,1,8,441,35,17,5.65,Direct,Void Lighting,35,3.85,3.01
456,3314034,25,1,13,0,1,6,49,6,5,1.2,Direct,Void Lighting,35,10.2,4.17
457,4741157,25,1,9,1,1,1,16835,733,526,13.0,Direct,Void Lighting,35,3.12,40.46
458,5475816,25,1,2,0,0,7,35,2,0,0.24,Direct,Void Lighting,35,0.0,0.0
459,6205389,25,1,1,0,1,10,1183,1,0,0.12,Direct,Void Lighting,35,0.0,0.0
460,7614602,25,1,9,1,1,2,1169,3,2,1.5,Direct,Void Lighting,35,0.17,1.33
461,8714836,25,1,10,1,1,5,2499,68,30,3.4,Direct,Void Lighting,35,1.2,8.82
462,2063374,17,5,10,0,1,10,1589,41,12,7.97,Influencer,Blueshack,2,0.76,1.51
463,2823907,17,5,5,0,1,8,441,86,41,31.68,Influencer,Blueshack,2,9.3,1.29
464,3470881,17,5,3,0,1,1,728,29,4,2.23,Influencer,Blueshack,2,0.55,1.79
465,5131867,17,5,1,0,0,5,721,2,0,0.34,Influencer,Blueshack,2,0.0,0.0
466,6026455,17,5,1,0,1,3,42,1,0,0.1,Influencer,Blueshack,2,0.0,0.0
467,6818151,17,5,5,0,1,4,77,1,0,0.08,Influencer,Blueshack,2,0.0,0.0
468,8827419,17,5,8,0,0,6,6160,222,123,117.2,Influencer,Blueshack,2,2.0,1.05
469,2611904,17,4,5,0,0,9,1911,20,18,13.33,Affiliate,Blueshack,2,0.94,1.35
470,3998649,17,4,5,1,1,5,952,19,9,3.35,Affiliate,Blueshack,2,0.95,2.69
471,4245272,17,4,4,1,1,3,683,596,348,38.52,Affiliate,Blueshack,2,50.95,9.03
472,7071965,17,4,8,1,0,8,105,2,0,1.0,Affiliate,Blueshack,2,0.0,0.0
473,7242442,17,4,13,0,1,9,11,8,1,1.14,Affiliate,Blueshack,2,9.09,0.88
474,8463686,17,4,8,0,1,4,1351,1,0,0.12,Affiliate,Blueshack,2,0.0,0.0
475,1992225,17,3,1,0,0,10,1274,9,4,2.25,SEO/Organic,Blueshack,2,0.31,1.78
476,4776463,17,3,12,0,0,2,7665,163,23,29.23,SEO/Organic,Blueshack,2,0.3,0.79
477,5460481,17,3,9,0,1,8,175,61,27,12.43,SEO/Organic,Blueshack,2,15.43,2.17
478,7812442,17,3,7,0,0,4,6160,112,89,32.81,SEO/Organic,Blueshack,2,1.44,2.71
479,9522103,17,3,13,0,1,10,77,6,3,1.2,SEO/Organic,Blueshack,2,3.9,2.5
480,9767406,17,3,9,0,0,6,19747,1,0,0.12,SEO/Organic,Blueshack,2,0.0,0.0
481,9921933,17,3,6,0,1,6,189,1,0,0.12,SEO/Organic,Blueshack,2,0.0,0.0
482,5368114,17,2,11,0,1,4,336,57,37,16.76,Social Media,Blueshack,2,11.01,2.21
483,7627729,17,2,8,0,0,1,574,1,0,0.12,Social Media,Blueshack,2,0.0,0.0
484,1372089,17,1,2,0,0,4,721,20,11,5.56,Direct,Blueshack,2,1.53,1.98
485,1842435,17,1,11,0,0,9,20587,7,5,1.17,Direct,Blueshack,2,0.02,4.27
486,2113035,17,1,2,0,0,10,6160,207,50,93.38,Direct,Blueshack,2,0.81,0.54
487,2712308,17,1,3,0,0,3,14,8,0,1.14,Direct,Blueshack,2,0.0,0.0
488,2832497,17,1,13,0,0,1,28,19,0,11.18,Direct,Blueshack,2,0.0,0.0
489,2964498,17,1,9,0,0,4,595,1,0,0.12,Direct,Blueshack,2,0.0,0.0
490,5136589,17,1,10,0,1,6,21,2,0,1.0,Direct,Blueshack,2,0.0,0.0
491,5413459,17,1,1,0,1,5,1183,1,0,0.04,Direct,Blueshack,2,0.0,0.0
492,9703182,17,1,9,0,1,8,28,5,4,0.03,Direct,Blueshack,2,14.29,133.33
493,2084074,2,5,5,1,1,10,91,4,1,0.49,Influencer,Pearlrover,31,1.1,2.04
494,2449113,2,5,8,0,0,10,3045,34,0,3.4,Influencer,Pearlrover,31,0.0,0.0
495,4726000,2,5,9,0,0,2,6993,1,0,0.12,Influencer,Pearlrover,31,0.0,0.0
496,5220040,2,5,13,1,1,9,10423,1,0,0.12,Influencer,Pearlrover,31,0.0,0.0
497,7398736,2,5,9,0,0,4,532,3,1,2.0,Influencer,Pearlrover,31,0.19,0.5
498,7516745,2,5,10,1,1,7,2527,16,6,0.16,Influencer,Pearlrover,31,0.24,37.5
499,1030738,2,4,9,0,1,10,322,24,4,8.0,Affiliate,Pearlrover,31,1.24,0.5
500,1233476,2,4,3,0,0,3,70,17,0,6.8,Affiliate,Pearlrover,31,0.0,0.0
501,1710409,2,4,3,0,1,2,441,60,42,19.25,Affiliate,Pearlrover,31,9.52,2.18
502,2670254,2,4,13,0,1,7,1589,6,5,0.38,Affiliate,Pearlrover,31,0.31,13.16
503,3621197,2,4,12,1,1,9,679,2,0,0.04,Affiliate,Pearlrover,31,0.0,0.0
504,4710314,2,4,10,1,1,9,119,1,0,0.12,Affiliate,Pearlrover,31,0.0,0.0
505,4866758,2,4,1,0,0,10,1687,2,0,0.44,Affiliate,Pearlrover,31,0.0,0.0
506,7102310,2,4,5,0,0,9,136213,185,0,45.12,Affiliate,Pearlrover,31,0.0,0.0
507,8213362,2,4,2,0,1,10,343,6,3,0.44,Affiliate,Pearlrover,31,0.87,6.82
508,9231253,2,4,7,0,1,2,29,6,5,1.2,Affiliate,Pearlrover,31,17.24,4.17
509,1916201,2,3,7,0,0,6,1435,1,0,0.12,SEO/Organic,Pearlrover,31,0.0,0.0
510,6687813,2,3,3,0,1,7,910,25,19,3.41,SEO/Organic,Pearlrover,31,2.09,5.57
511,6699756,2,3,1,0,0,6,1582,2,0,0.06,SEO/Organic,Pearlrover,31,0.0,0.0
512,8789366,2,3,10,0,0,10,7,1,0,0.12,SEO/Organic,Pearlrover,31,0.0,0.0
513,2097820,2,2,10,0,1,6,133,2,1,1.0,Social Media,Pearlrover,31,0.75,1.0
514,2830165,2,2,6,0,0,1,1806,35,28,5.65,Social Media,Pearlrover,31,1.55,4.96
515,3333275,2,2,8,0,1,10,4060,93,38,11.34,Social Media,Pearlrover,31,0.94,3.35
516,3569908,2,2,3,0,1,8,7,5,3,0.03,Social Media,Pearlrover,31,42.86,100.0
517,3793123,2,2,2,0,1,9,1288,1,0,0.12,Social Media,Pearlrover,31,0.0,0.0
518,4398789,2,2,5,1,1,3,196,5,4,0.04,Social Media,Pearlrover,31,2.04,100.0
519,4487074,2,2,9,0,0,9,98,21,15,7.74,Social Media,Pearlrover,31,15.31,1.94
520,4577288,2,2,5,0,1,3,7,1,0,0.12,Social Media,Pearlrover,31,0.0,0.0
521,5220574,2,2,11,0,0,6,70,1,0,0.1,Social Media,Pearlrover,31,0.0,0.0
522,5492260,2,2,11,0,0,4,3045,34,26,3.4,Social Media,Pearlrover,31,0.85,7.65
523,5563858,2,2,9,0,1,5,245,3,1,0.17,Social Media,Pearlrover,31,0.41,5.88
524,7012099,2,2,12,1,1,2,1344,41,20,2.28,Social Media,Pearlrover,31,1.49,8.77
525,8919925,2,2,11,0,0,6,63,1,0,0.12,Social Media,Pearlrover,31,0.0,0.0
526,1122893,2,1,5,0,1,6,133,5,1,0.94,Direct,Pearlrover,31,0.75,1.06
527,1202981,2,1,5,0,0,10,28812,1,0,0.12,Direct,Pearlrover,31,0.0,0.0
528,3172127,2,1,13,0,0,10,476,1,0,0.12,Direct,Pearlrover,31,0.0,0.0
529,4306682,2,1,9,0,1,1,308,26,1,4.52,Direct,Pearlrover,31,0.32,0.22
530,6667181,2,1,1,0,1,8,29,3,1,1.0,Direct,Pearlrover,31,3.45,1.0
531,7295791,2,1,5,0,1,8,322,55,20,12.35,Direct,Pearlrover,31,6.21,1.62
532,7603178,2,1,1,0,0,6,63,9,7,4.5,Direct,Pearlrover,31,11.11,1.56
533,8740885,2,1,8,0,1,6,56,3,1,0.28,Direct,Pearlrover,31,1.79,3.57
534,2126789,26,5,6,0,1,8,441,24,19,4.57,Influencer,Delugation,19,4.31,4.16
535,3407833,26,5,2,0,0,6,70,17,9,2.27,Influencer,Delugation,19,12.86,3.96
536,3865372,26,5,3,0,0,2,84,2,0,1.0,Influencer,Delugation,19,0.0,0.0
537,4256807,26,5,7,0,0,3,7,3,0,0.37,Influencer,Delugation,19,0.0,0.0
538,4753830,26,5,13,0,0,7,84,1,0,0.12,Influencer,Delugation,19,0.0,0.0
539,6584639,26,5,11,0,1,9,1057,25,8,3.41,Influencer,Delugation,19,0.76,2.35
540,6650722,26,5,7,0,0,4,1253,18,1,6.75,Influencer,Delugation,19,0.08,0.15
541,8381411,26,5,5,0,1,8,98,2,1,0.33,Influencer,Delugation,19,1.02,3.03
542,9818320,26,5,8,0,1,5,42,6,3,1.2,Influencer,Delugation,19,7.14,2.5
543,2373772,26,4,2,1,1,2,15554,152,19,1.82,Affiliate,Delugation,19,0.12,10.44
544,6786086,26,4,3,0,0,6,30961,543,490,151.27,Affiliate,Delugation,19,1.58,3.24
545,9452972,26,4,3,1,1,10,54012,452,439,68.35,Affiliate,Delugation,19,0.81,6.42
546,3554359,26,3,7,0,1,9,77,3,2,1.0,SEO/Organic,Delugation,19,2.6,2.0
547,6306300,26,3,5,1,1,3,54012,451,236,68.2,SEO/Organic,Delugation,19,0.44,3.46
548,1417499,26,2,12,0,0,6,1582,16,3,2.29,Social Media,Delugation,19,0.19,1.31
549,2842160,26,2,11,0,1,7,238,11,0,4.4,Social Media,Delugation,19,0.0,0.0
550,8498344,26,2,3,0,0,7,420,1,0,0.12,Social Media,Delugation,19,0.0,0.0
551,8693731,26,2,4,0,1,9,14,1,0,0.12,Social Media,Delugation,19,0.0,0.0
552,8714070,26,2,6,1,1,3,830,27,8,9.0,Social Media,Delugation,19,0.96,0.89
553,1626526,26,1,10,0,0,1,49,2,0,0.4,Direct,Delugation,19,0.0,0.0
554,1956622,26,1,8,0,1,7,77,2,1,0.19,Direct,Delugation,19,1.3,5.26
555,3812189,26,1,12,0,0,5,490,11,4,2.2,Direct,Delugation,19,0.82,1.82
556,5275149,26,1,1,0,1,9,147,5,0,2.5,Direct,Delugation,19,0.0,0.0
557,6263203,26,1,6,0,1,3,210,7,6,0.86,Direct,Delugation,19,2.86,6.98
558,8139770,26,1,7,0,1,7,63,1,0,0.12,Direct,Delugation,19,0.0,0.0
559,8911925,26,1,11,0,1,1,42,2,1,0.21,Direct,Delugation,19,2.38,4.76
560,2132990,15,5,12,1,1,6,168,1,0,0.12,Influencer,Crypticorps,1,0.0,0.0
561,6503668,15,5,10,0,0,10,294,14,1,9.33,Influencer,Crypticorps,1,0.34,0.11
562,7511775,15,5,11,0,0,10,1827,39,0,29.82,Influencer,Crypticorps,1,0.0,0.0
563,8418054,15,5,13,0,1,5,175,66,42,12.52,Influencer,Crypticorps,1,24.0,3.35
564,2982964,15,4,2,0,0,6,224,37,19,17.94,Affiliate,Crypticorps,1,8.48,1.06
565,5222724,15,4,8,0,1,3,56,3,1,0.28,Affiliate,Crypticorps,1,1.79,3.57
566,5239463,15,4,10,0,0,9,350,8,6,2.29,Affiliate,Crypticorps,1,1.71,2.62
567,6105316,15,4,9,0,1,1,63,3,0,1.0,Affiliate,Crypticorps,1,0.0,0.0
568,6712626,15,4,6,0,0,4,511,51,6,13.6,Affiliate,Crypticorps,1,1.17,0.44
569,6845302,15,4,10,0,1,2,49,1,0,0.12,Affiliate,Crypticorps,1,0.0,0.0
570,7246931,15,4,4,0,1,6,4060,160,116,18.03,Affiliate,Crypticorps,1,2.86,6.43
571,1874122,15,3,11,1,1,3,343,42,4,25.67,SEO/Organic,Crypticorps,1,1.17,0.16
572,2014282,15,3,3,0,0,5,98,9,2,1.13,SEO/Organic,Crypticorps,1,2.04,1.77
573,2594436,15,3,5,0,1,1,336,84,11,27.24,SEO/Organic,Crypticorps,1,3.27,0.4
574,6552066,15,2,2,0,1,6,343,3,1,0.22,Social Media,Crypticorps,1,0.29,4.55
575,7244640,15,2,1,0,1,5,686,38,6,6.71,Social Media,Crypticorps,1,0.87,0.89
576,7818514,15,2,7,0,1,4,98,18,15,6.75,Social Media,Crypticorps,1,15.31,2.22
577,8399558,15,2,10,0,0,8,1827,2,1,0.31,Social Media,Crypticorps,1,0.05,3.23
578,1257569,15,1,3,1,1,8,856,429,101,10.16,Direct,Crypticorps,1,11.8,9.94
579,1623985,15,1,11,0,1,3,1008,21,20,4.42,Direct,Crypticorps,1,1.98,4.52
580,1875194,15,1,3,0,0,4,973,27,22,11.74,Direct,Crypticorps,1,2.26,1.87
581,3517732,15,1,13,0,1,6,56,2,0,0.19,Direct,Crypticorps,1,0.0,0.0
582,5868850,15,1,8,0,0,5,868,9,8,5.63,Direct,Crypticorps,1,0.92,1.42
583,8298660,15,1,12,0,1,5,1554,375,231,2.28,Direct,Crypticorps,1,14.86,101.32
584,8808038,15,1,8,0,1,5,1827,2,1,0.14,Direct,Crypticorps,1,0.05,7.14
585,2371676,14,5,10,1,0,8,133,18,8,6.75,Influencer,Priductions,44,6.02,1.19
586,2518786,14,5,2,0,0,7,14,1,0,0.17,Influencer,Priductions,44,0.0,0.0
587,5334936,14,5,1,0,0,10,14,8,7,1.14,Influencer,Priductions,44,50.0,6.14
588,6599862,14,4,8,0,0,9,5040,149,14,63.21,Affiliate,Priductions,44,0.28,0.22
589,7596016,14,4,11,0,1,3,35,1,0,0.12,Affiliate,Priductions,44,0.0,0.0
590,8288156,14,4,13,1,1,4,822,719,460,58.69,Affiliate,Priductions,44,55.96,7.84
591,8653124,14,4,10,0,0,9,28,1,0,0.12,Affiliate,Priductions,44,0.0,0.0
592,9207399,14,4,11,0,1,10,343,2,1,0.15,Affiliate,Priductions,44,0.29,6.67
593,9469650,14,4,6,0,1,3,50,8,7,1.14,Affiliate,Priductions,44,14.0,6.14
594,2371662,14,3,4,0,1,3,910,49,21,25.07,SEO/Organic,Priductions,44,2.31,0.84
595,2842029,14,3,3,0,1,1,161,24,12,8.0,SEO/Organic,Priductions,44,7.45,1.5
596,3282564,14,3,6,0,1,8,49,3,2,1.0,SEO/Organic,Priductions,44,4.08,2.0
597,4059844,14,3,9,0,1,1,49,7,3,2.33,SEO/Organic,Priductions,44,6.12,1.29
598,6483215,14,3,9,0,1,5,161,1,0,0.06,SEO/Organic,Priductions,44,0.0,0.0
599,8005903,14,3,12,0,0,1,63,1,0,0.12,SEO/Organic,Priductions,44,0.0,0.0
600,8263619,14,3,3,0,1,8,98,1,0,0.1,SEO/Organic,Priductions,44,0.0,0.0
601,8870474,14,3,5,1,0,5,182,1,0,0.04,SEO/Organic,Priductions,44,0.0,0.0
602,9093727,14,3,1,0,1,10,11585,1176,393,294.0,SEO/Organic,Priductions,44,3.39,1.34
603,9154840,14,3,4,0,1,6,35,1,0,0.12,SEO/Organic,Priductions,44,0.0,0.0
604,1703311,14,2,4,0,0,3,7,2,0,0.24,Social Media,Priductions,44,0.0,0.0
605,3581223,14,2,8,0,0,8,56,11,10,4.4,Social Media,Priductions,44,17.86,2.27
606,4141815,14,2,8,1,1,7,315,2,1,0.02,Social Media,Priductions,44,0.32,50.0
607,6099625,14,2,9,1,1,8,2527,785,137,47.3,Social Media,Priductions,44,5.42,2.9
608,7201790,14,2,5,0,1,6,28,2,0,0.01,Social Media,Priductions,44,0.0,0.0
609,7695005,14,2,5,1,1,1,2527,18,7,0.18,Social Media,Priductions,44,0.28,38.89
610,8374638,14,2,2,0,1,10,308,20,13,4.71,Social Media,Priductions,44,4.22,2.76
611,9240961,14,2,1,0,1,10,1554,2,1,0.01,Social Media,Priductions,44,0.06,100.0
612,9677632,14,2,3,0,0,2,1806,49,15,11.4,Social Media,Priductions,44,0.83,1.32
613,2623867,14,1,3,0,1,10,322,70,50,16.94,Direct,Priductions,44,15.53,2.95
614,4577562,14,1,11,0,0,10,14,8,4,1.14,Direct,Priductions,44,28.57,3.51
615,4847320,14,1,11,0,1,3,49,2,1,1.0,Direct,Priductions,44,2.04,1.0
616,5556821,14,1,8,1,1,5,602,2,0,0.01,Direct,Priductions,44,0.0,0.0
617,7951929,14,1,12,0,0,7,140,7,2,3.5,Direct,Priductions,44,1.43,0.57
618,8941048,14,1,12,0,0,9,5040,121,120,44.1,Direct,Priductions,44,2.38,2.72
619,2433582,20,5,7,0,0,6,175,10,1,2.22,Influencer,Melon Arts,14,0.57,0.45
620,2949003,20,5,7,0,1,8,322,67,3,19.31,Influencer,Melon Arts,14,0.93,0.16
621,3006698,20,5,8,0,0,7,98,22,21,8.11,Influencer,Melon Arts,14,21.43,2.59
622,3773801,20,5,5,0,1,10,42,1,0,0.12,Influencer,Melon Arts,14,0.0,0.0
623,6101350,20,5,6,0,1,6,23,20,2,1.11,Influencer,Melon Arts,14,8.7,1.8
624,7062374,20,5,10,1,1,5,1245,1082,946,56.3,Influencer,Melon Arts,14,75.98,16.8
625,7229842,20,5,11,0,1,4,50,1,0,0.08,Influencer,Melon Arts,14,0.0,0.0
626,8216398,20,5,8,1,1,6,1176,731,681,22.53,Influencer,Melon Arts,14,57.91,30.23
627,8615526,20,5,11,0,0,3,532,9,1,1.13,Influencer,Melon Arts,14,0.19,0.88
628,1934021,20,4,8,0,1,10,56,7,5,1.17,Affiliate,Melon Arts,14,8.93,4.27
629,2288381,20,4,4,0,0,4,70,2,0,0.2,Affiliate,Melon Arts,14,0.0,0.0
630,3682101,20,4,5,0,0,7,1197,1,0,0.12,Affiliate,Melon Arts,14,0.0,0.0
631,6377732,20,4,2,0,0,7,490,6,2,1.2,Affiliate,Melon Arts,14,0.41,1.67
632,6986270,20,4,11,1,1,2,15554,620,54,7.44,Affiliate,Melon Arts,14,0.35,7.26
633,7398377,20,3,9,0,1,7,33,6,1,1.2,SEO/Organic,Melon Arts,14,3.03,0.83
634,7755285,20,3,6,0,1,5,427,5,1,0.61,SEO/Organic,Melon Arts,14,0.23,1.64
635,8520600,20,3,9,0,1,7,728,34,30,2.27,SEO/Organic,Melon Arts,14,4.12,13.22
636,9806080,20,3,1,0,1,3,1666,2,0,0.24,SEO/Organic,Melon Arts,14,0.0,0.0
637,4321217,20,2,1,0,1,8,25830,1,0,0.14,Social Media,Melon Arts,14,0.0,0.0
638,5157710,20,2,8,0,1,6,343,1,0,0.18,Social Media,Melon Arts,14,0.0,0.0
639,6359322,20,2,8,0,0,7,392,1,0,0.12,Social Media,Melon Arts,14,0.0,0.0
640,6853746,20,2,8,0,1,10,889,105,78,41.77,Social Media,Melon Arts,14,8.77,1.87
641,1803470,20,1,5,1,1,5,455,154,116,1.42,Direct,Melon Arts,14,25.49,81.69
642,2500117,20,1,1,0,1,5,133,6,5,4.8,Direct,Melon Arts,14,3.76,1.04
643,3250793,20,1,13,0,1,8,161,10,7,2.22,Direct,Melon Arts,14,4.35,3.15
644,3810517,20,1,4,0,0,5,7,3,1,0.37,Direct,Melon Arts,14,14.29,2.7
645,6617540,20,1,3,0,1,6,29,1,0,0.11,Direct,Melon Arts,14,0.0,0.0
646,9487594,20,1,1,0,0,7,5040,202,123,116.23,Direct,Melon Arts,14,2.44,1.06
647,2454270,21,5,12,0,0,9,1687,45,43,25.88,Influencer,Whizystems,10,2.55,1.66
648,3881458,21,5,7,1,1,6,16835,1,0,0.03,Influencer,Whizystems,10,0.0,0.0
649,4878873,21,5,1,1,0,5,21028,1,0,0.12,Influencer,Whizystems,10,0.0,0.0
650,5745948,21,5,1,0,0,8,6160,2,0,0.65,Influencer,Whizystems,10,0.0,0.0
651,5919020,21,5,1,1,1,1,987,2,0,0.02,Influencer,Whizystems,10,0.0,0.0
652,7381909,21,5,12,1,1,10,1169,3,2,1.5,Influencer,Whizystems,10,0.17,1.33
653,8630030,21,5,4,0,1,9,4060,139,14,14.69,Influencer,Whizystems,10,0.34,0.95
654,8729953,21,5,12,0,1,4,287,48,15,12.28,Influencer,Whizystems,10,5.23,1.22
655,2362312,21,4,6,1,1,9,10423,1,0,0.01,Affiliate,Whizystems,10,0.0,0.0
656,2997216,21,4,4,1,1,3,10423,1,0,0.01,Affiliate,Whizystems,10,0.0,0.0
657,1912363,21,3,8,0,1,4,133,10,3,4.44,SEO/Organic,Whizystems,10,2.26,0.68
658,7661459,21,3,5,0,0,1,301,103,35,45.27,SEO/Organic,Whizystems,10,11.63,0.77
659,3807595,21,2,4,1,1,4,16835,225,141,3.99,Social Media,Whizystems,10,0.84,35.34
660,4337878,21,2,1,0,1,8,497,10,8,3.33,Social Media,Whizystems,10,1.61,2.4
661,4896523,21,2,4,0,1,3,889,6,5,2.4,Social Media,Whizystems,10,0.56,2.08
662,5785206,21,2,11,0,1,8,147,1,0,0.12,Social Media,Whizystems,10,0.0,0.0
663,6420313,21,2,1,0,1,10,4060,13,9,1.18,Social Media,Whizystems,10,0.22,7.63
664,6809441,21,2,9,0,1,4,63,3,0,0.37,Social Media,Whizystems,10,0.0,0.0
665,9924481,21,2,10,0,1,6,301,3,0,0.37,Social Media,Whizystems,10,0.0,0.0
666,3222201,21,1,8,0,1,1,77,3,0,1.0,Direct,Whizystems,10,0.0,0.0
667,8152802,21,1,7,1,1,3,2464,23,22,2.3,Direct,Whizystems,10,0.89,9.57
668,8825473,21,1,13,0,1,1,7,1,0,0.04,Direct,Whizystems,10,0.0,0.0
669,9031087,21,1,4,1,1,4,1245,1082,800,56.3,Direct,Whizystems,10,64.26,14.21
670,2600427,9,5,4,0,1,3,77,7,6,1.17,Influencer,Owl Productions,41,7.79,5.13
671,3240505,9,5,10,0,0,7,217,3,1,1.0,Influencer,Owl Productions,41,0.46,1.0
672,7766018,9,5,3,0,0,10,1400,18,10,3.38,Influencer,Owl Productions,41,0.71,2.96
673,8424294,9,5,12,0,0,5,77,3,0,1.0,Influencer,Owl Productions,41,0.0,0.0
674,9285123,9,5,8,0,1,6,175,11,9,2.2,Influencer,Owl Productions,41,5.14,4.09
675,3587007,9,4,2,0,1,3,910,64,60,16.84,Affiliate,Owl Productions,41,6.59,3.56
676,3786327,9,4,1,1,1,8,455,51,6,3.4,Affiliate,Owl Productions,41,1.32,1.76
677,5406906,9,4,4,0,0,9,1687,59,55,7.94,Affiliate,Owl Productions,41,3.26,6.93
678,5557591,9,4,2,0,0,10,1274,7,3,1.43,Affiliate,Owl Productions,41,0.24,2.1
679,7262153,9,4,2,0,1,8,77,3,2,1.0,Affiliate,Owl Productions,41,2.6,2.0
680,8464157,9,4,2,0,1,4,33,4,1,0.34,Affiliate,Owl Productions,41,3.03,2.94
681,1221935,9,3,11,0,1,6,224,19,0,8.94,SEO/Organic,Owl Productions,41,0.0,0.0
682,2308109,9,3,7,0,0,8,70,5,1,0.49,SEO/Organic,Owl Productions,41,1.43,2.04
683,3297547,9,3,9,1,1,10,10423,41,0,5.01,SEO/Organic,Owl Productions,41,0.0,0.0
684,4588280,9,3,2,0,0,2,80,72,50,45.0,SEO/Organic,Owl Productions,41,62.5,1.11
685,5126683,9,3,7,0,1,9,56,11,8,5.5,SEO/Organic,Owl Productions,41,14.29,1.45
686,5420832,9,3,6,0,1,6,343,19,16,5.59,SEO/Organic,Owl Productions,41,4.66,2.86
687,7940784,9,3,1,0,0,6,1274,52,18,14.7,SEO/Organic,Owl Productions,41,1.41,1.22
688,8598973,9,3,13,0,1,6,42,2,0,0.36,SEO/Organic,Owl Productions,41,0.0,0.0
689,5877962,9,2,2,1,1,6,2289,1047,298,33.77,Social Media,Owl Productions,41,13.02,8.82
690,6470269,9,2,4,0,1,7,28,2,0,0.24,Social Media,Owl Productions,41,0.0,0.0
691,6518034,9,2,4,0,0,6,721,2,0,1.0,Social Media,Owl Productions,41,0.0,0.0
692,4469188,9,1,7,0,1,8,49,6,5,2.4,Direct,Owl Productions,41,10.2,2.08
693,4623682,9,1,4,0,0,6,35,2,1,0.24,Direct,Owl Productions,41,2.86,4.17
694,5044260,9,1,2,0,1,8,308,10,4,2.22,Direct,Owl Productions,41,1.3,1.8
695,8484398,9,1,4,0,1,10,1008,3,1,1.0,Direct,Owl Productions,41,0.1,1.0
696,8509515,9,1,8,1,1,1,315,2,1,0.02,Direct,Owl Productions,41,0.32,50.0
697,9391018,9,1,6,1,1,2,10423,676,345,82.57,Direct,Owl Productions,41,3.31,4.18
698,2626076,1,5,13,0,1,6,77,3,1,1.5,Influencer,Flowertales,16,1.3,0.67
699,3469798,1,5,6,0,0,6,560,1,0,0.12,Influencer,Flowertales,16,0.0,0.0
700,5989590,1,5,9,0,0,9,588,6,4,2.4,Influencer,Flowertales,16,0.68,1.67
701,6111125,1,5,6,0,1,2,287,11,2,2.2,Influencer,Flowertales,16,0.7,0.91
702,8458452,1,5,1,0,1,2,287,4,1,0.49,Influencer,Flowertales,16,0.35,2.04
703,9882058,1,5,5,0,0,1,224,2,1,1.0,Influencer,Flowertales,16,0.45,1.0
704,9955710,1,5,10,0,0,8,56,1,0,0.12,Influencer,Flowertales,16,0.0,0.0
705,1277136,1,4,3,1,1,3,1330,153,8,0.53,Affiliate,Flowertales,16,0.6,15.09
706,1297680,1,4,8,0,1,10,910,7,4,1.92,Affiliate,Flowertales,16,0.44,2.08
707,2837893,1,4,2,1,1,7,16835,2869,1615,254.47,Affiliate,Flowertales,16,9.59,6.35
708,3155594,1,4,10,0,0,8,161,1,0,0.25,Affiliate,Flowertales,16,0.0,0.0
709,5559338,1,4,1,1,1,1,16835,375,274,8.27,Affiliate,Flowertales,16,1.63,33.13
710,6802656,1,4,1,0,1,10,48055,29,23,3.35,Affiliate,Flowertales,16,0.05,6.87
711,7474200,1,4,10,0,1,7,910,11,10,1.22,Affiliate,Flowertales,16,1.1,8.2
712,8318212,1,4,8,0,1,5,11585,1321,1074,409.93,Affiliate,Flowertales,16,9.27,2.62
713,5764836,1,3,12,0,0,4,574,2,1,0.37,SEO/Organic,Flowertales,16,0.17,2.7
714,6518162,1,3,5,0,1,9,189,4,1,0.49,SEO/Organic,Flowertales,16,0.53,2.04
715,7099072,1,3,8,0,1,1,42,6,1,1.2,SEO/Organic,Flowertales,16,2.38,0.83
716,9691274,1,3,3,0,1,5,238,1,0,0.12,SEO/Organic,Flowertales,16,0.0,0.0
717,1099550,1,2,8,1,1,1,1245,1177,887,84.47,Social Media,Flowertales,16,71.24,10.5
718,1213362,1,2,8,0,1,2,50,1,0,0.08,Social Media,Flowertales,16,0.0,0.0
719,1247291,1,2,8,0,0,7,4466,33,17,1.14,Social Media,Flowertales,16,0.38,14.91
720,1670249,1,2,3,1,1,8,30863,1520,250,17.91,Social Media,Flowertales,16,0.81,13.96
721,2112488,1,2,6,0,1,5,77,10,3,4.44,Social Media,Flowertales,16,3.9,0.68
722,2622663,1,2,1,1,1,10,308,209,101,16.95,Social Media,Flowertales,16,32.79,5.96
723,2876782,1,2,11,1,0,1,10423,19,2,2.32,Social Media,Flowertales,16,0.02,0.86
724,4332151,1,2,5,0,0,10,574,4,0,0.73,Social Media,Flowertales,16,0.0,0.0
725,6484223,1,2,1,0,1,4,68656,728,517,324.56,Social Media,Flowertales,16,0.75,1.59
726,6807994,1,2,7,1,1,2,30863,2646,51,31.17,Social Media,Flowertales,16,0.17,1.64
727,8808222,1,2,10,0,1,5,441,96,49,29.36,Social Media,Flowertales,16,11.11,1.67
728,1198586,1,1,13,0,1,3,28,9,7,0.05,Direct,Flowertales,16,25.0,140.0
729,2498342,1,1,9,0,0,3,6160,113,53,38.42,Direct,Flowertales,16,0.86,1.38
730,3500761,1,1,9,0,1,4,175,17,5,2.43,Direct,Flowertales,16,2.86,2.06
731,6562201,1,1,2,1,1,3,987,6,4,0.06,Direct,Flowertales,16,0.41,66.67
732,6703850,1,1,1,0,1,9,7,5,1,0.03,Direct,Flowertales,16,14.29,33.33
733,2990025,11,5,4,0,1,1,7,3,1,0.02,Influencer,Angelpoly,9,14.29,50.0
734,5626172,11,5,12,0,1,3,11,7,2,0.04,Influencer,Angelpoly,9,18.18,50.0
735,8959418,11,5,3,0,1,4,441,72,59,27.0,Influencer,Angelpoly,9,13.38,2.19
736,9718372,11,5,11,0,1,6,175,15,2,1.15,Influencer,Angelpoly,9,1.14,1.74
737,3531655,11,4,5,0,0,9,7,1,0,0.12,Affiliate,Angelpoly,9,0.0,0.0
738,5407116,11,4,5,0,1,8,4060,116,14,12.39,Affiliate,Angelpoly,9,0.34,1.13
739,8977335,11,4,6,0,1,4,42,1,0,0.12,Affiliate,Angelpoly,9,0.0,0.0
740,9809753,11,4,2,0,1,4,21,17,0,2.27,Affiliate,Angelpoly,9,0.0,0.0
741,2855424,11,3,1,0,1,7,77,11,10,4.4,SEO/Organic,Angelpoly,9,12.99,2.27
742,5044536,11,3,12,0,0,8,35,8,1,5.71,SEO/Organic,Angelpoly,9,2.86,0.18
743,6004524,11,3,5,0,0,3,133,2,1,1.0,SEO/Organic,Angelpoly,9,0.75,1.0
744,6317150,11,3,10,1,1,5,2527,315,133,3.41,SEO/Organic,Angelpoly,9,5.26,39.0
745,2794749,11,2,12,0,1,5,1505,1,0,0.05,Social Media,Angelpoly,9,0.0,0.0
746,5570804,11,2,2,1,1,10,28,3,2,0.37,Social Media,Angelpoly,9,7.14,5.41
747,5766099,11,2,4,0,0,8,301,103,38,43.01,Social Media,Angelpoly,9,12.62,0.88
748,7361503,11,2,9,0,1,6,49,9,2,5.63,Social Media,Angelpoly,9,4.08,0.36
749,8544587,11,2,11,0,0,8,476,1,0,0.12,Social Media,Angelpoly,9,0.0,0.0
750,9215942,11,2,4,0,0,3,30961,63,31,10.13,Social Media,Angelpoly,9,0.1,3.06
751,6973811,11,1,6,0,0,8,273,3,2,0.37,Direct,Angelpoly,9,0.73,5.41
752,9613764,11,1,7,0,1,6,889,127,43,58.44,Direct,Angelpoly,9,4.84,0.74
753,3045584,29,5,4,0,1,7,161,1,0,0.08,Influencer,Omegacoustics,35,0.0,0.0
754,4337344,29,5,2,0,1,1,165361,95,44,36.19,Influencer,Omegacoustics,35,0.03,1.22
755,4537160,29,5,2,1,1,3,168,2,0,0.24,Influencer,Omegacoustics,35,0.0,0.0
756,6546716,29,5,5,1,1,8,1176,38,14,2.24,Influencer,Omegacoustics,35,1.19,6.25
757,6784664,29,5,13,1,1,8,16835,2850,1562,269.12,Influencer,Omegacoustics,35,9.28,5.8
758,7781148,29,5,1,0,0,10,280,1,0,0.12,Influencer,Omegacoustics,35,0.0,0.0
759,1589605,29,4,8,0,1,8,3472,63,14,18.0,Affiliate,Omegacoustics,35,0.4,0.78
760,4078344,29,4,11,0,0,2,511,45,9,15.75,Affiliate,Omegacoustics,35,1.76,0.57
761,4894912,29,4,2,0,1,2,910,16,9,4.57,Affiliate,Omegacoustics,35,0.99,1.97
762,9972683,29,4,1,0,0,7,5040,46,33,13.46,Affiliate,Omegacoustics,35,0.65,2.45
763,1577934,29,3,10,0,1,10,147,1,0,0.14,SEO/Organic,Omegacoustics,35,0.0,0.0
764,2570296,29,3,1,0,1,7,1183,85,60,15.87,SEO/Organic,Omegacoustics,35,5.07,3.78
765,3280685,29,3,2,1,1,7,15554,41,3,1.14,SEO/Organic,Omegacoustics,35,0.02,2.63
766,5643406,29,3,8,1,1,10,119,1,0,0.12,SEO/Organic,Omegacoustics,35,0.0,0.0
767,6597300,29,3,9,0,1,6,175,76,44,12.48,SEO/Organic,Omegacoustics,35,25.14,3.53
768,7877450,29,3,3,0,1,7,133,9,7,2.25,SEO/Organic,Omegacoustics,35,5.26,3.11
769,8564599,29,3,11,0,1,8,1057,10,7,1.11,SEO/Organic,Omegacoustics,35,0.66,6.31
770,9342604,29,3,13,0,1,4,70,3,1,1.0,SEO/Organic,Omegacoustics,35,1.43,1.0
771,1240936,29,2,5,0,1,9,287,38,29,12.29,Social Media,Omegacoustics,35,10.1,2.36
772,1645940,29,2,4,0,1,6,33,6,0,0.25,Social Media,Omegacoustics,35,0.0,0.0
773,2135199,29,2,7,0,0,4,252,1,0,0.08,Social Media,Omegacoustics,35,0.0,0.0
774,3081918,29,2,1,0,0,4,728,5,4,1.25,Social Media,Omegacoustics,35,0.55,3.2
775,3116194,29,2,5,0,0,9,4466,561,297,199.39,Social Media,Omegacoustics,35,6.65,1.49
776,4098357,29,2,4,0,1,6,630,6,5,2.4,Social Media,Omegacoustics,35,0.79,2.08
777,9972563,29,2,12,0,1,1,29,3,1,0.32,Social Media,Omegacoustics,35,3.45,3.12
778,1294104,29,1,11,0,1,7,98,1,0,0.09,Direct,Omegacoustics,35,0.0,0.0
779,2218774,29,1,12,0,1,1,77,5,0,1.25,Direct,Omegacoustics,35,0.0,0.0
780,2565399,29,1,10,1,1,4,420,359,351,14.77,Direct,Omegacoustics,35,83.57,23.76
781,5236530,29,1,3,0,1,3,49,5,1,1.25,Direct,Omegacoustics,35,2.04,0.8
782,6304009,29,1,3,1,1,10,2464,229,116,8.17,Direct,Omegacoustics,35,4.71,14.2
783,6313107,29,1,7,0,1,5,336,57,13,16.76,Direct,Omegacoustics,35,3.87,0.78
784,6497331,29,1,11,1,1,1,196,5,0,0.04,Direct,Omegacoustics,35,0.0,0.0
785,6985663,29,1,8,1,1,7,30863,5,0,0.02,Direct,Omegacoustics,35,0.0,0.0
786,7075470,29,1,10,0,0,6,70,10,3,1.11,Direct,Omegacoustics,35,4.29,2.7
787,7586385,29,1,10,0,1,2,175,50,37,11.36,Direct,Omegacoustics,35,21.14,3.26
788,8856031,29,1,11,1,1,2,1330,3,1,0.01,Direct,Omegacoustics,35,0.08,100.0
789,3650606,4,5,12,0,1,10,98,11,10,3.3,Influencer,Lionessscape,25,10.2,3.03
790,4904020,4,5,6,0,0,3,511,70,14,28.23,Influencer,Lionessscape,25,2.74,0.5
791,5345801,4,5,11,0,1,3,441,86,19,31.68,Influencer,Lionessscape,25,4.31,0.6
792,8142943,4,5,1,0,0,5,56,2,1,0.4,Influencer,Lionessscape,25,1.79,2.5
793,9026511,4,5,1,0,1,8,42,6,0,1.2,Influencer,Lionessscape,25,0.0,0.0
794,9924661,4,5,6,1,1,10,112,1,0,0.01,Influencer,Lionessscape,25,0.0,0.0
795,9973089,4,5,10,0,1,9,161,10,5,1.11,Influencer,Lionessscape,25,3.11,4.5
796,1182004,4,4,9,1,0,1,105,8,0,3.43,Affiliate,Lionessscape,25,0.0,0.0
797,4786464,4,4,13,1,1,9,10423,1,0,0.12,Affiliate,Lionessscape,25,0.0,0.0
798,4986111,4,4,5,0,0,8,721,3,0,1.0,Affiliate,Lionessscape,25,0.0,0.0
799,5176773,4,4,9,0,1,6,49,9,0,5.63,Affiliate,Lionessscape,25,0.0,0.0
800,5967630,4,4,1,0,1,10,77,7,1,3.5,Affiliate,Lionessscape,25,1.3,0.29
801,8369910,4,4,8,0,1,1,98,6,4,1.2,Affiliate,Lionessscape,25,4.08,3.33
802,8760747,4,4,3,0,1,6,161,7,5,1.17,Affiliate,Lionessscape,25,3.11,4.27
803,1510850,4,3,6,1,1,6,10423,375,374,2.62,SEO/Organic,Lionessscape,25,3.59,142.75
804,2326656,4,3,8,0,1,8,133,12,5,3.27,SEO/Organic,Lionessscape,25,3.76,1.53
805,2490831,4,3,3,0,0,7,175,9,4,1.13,SEO/Organic,Lionessscape,25,2.29,3.54
806,4623071,4,3,11,0,1,8,25830,1,0,0.12,SEO/Organic,Lionessscape,25,0.0,0.0
807,6253384,4,3,8,1,1,3,16835,1225,1119,27.02,SEO/Organic,Lionessscape,25,6.65,41.41
808,6285187,4,3,10,1,1,4,322,4,1,0.49,SEO/Organic,Lionessscape,25,0.31,2.04
809,6754974,4,3,6,1,1,9,30863,2,1,0.04,SEO/Organic,Lionessscape,25,0.0,25.0
810,6929160,4,3,1,0,1,5,133,1,0,0.19,SEO/Organic,Lionessscape,25,0.0,0.0
811,7917206,4,3,7,0,1,1,14,11,0,4.4,SEO/Organic,Lionessscape,25,0.0,0.0
812,1516577,4,2,4,0,1,2,14,2,0,0.24,Social Media,Lionessscape,25,0.0,0.0
813,2268136,4,2,5,0,1,4,287,3,1,0.37,Social Media,Lionessscape,25,0.35,2.7
814,3472214,4,2,11,0,0,7,721,43,41,10.18,Social Media,Lionessscape,25,5.69,4.03
815,3922119,4,2,1,0,0,6,56,2,1,0.24,Social Media,Lionessscape,25,1.79,4.17
816,6029909,4,2,1,1,1,4,10423,1771,1591,49.54,Social Media,Lionessscape,25,15.26,32.12
817,6585049,4,2,11,1,1,9,455,1,0,0.11,Social Media,Lionessscape,25,0.0,0.0
818,8723558,4,2,6,0,1,10,56,5,4,2.5,Social Media,Lionessscape,25,7.14,1.6
819,4729615,4,1,6,0,0,4,5040,60,55,14.72,Direct,Lionessscape,25,1.09,3.74
820,5524819,4,1,7,0,1,7,50,1,0,0.08,Direct,Lionessscape,25,0.0,0.0
821,3770766,6,5,8,0,1,6,210,1,0,0.12,Influencer,Cloverprises,15,0.0,0.0
822,5133056,6,5,9,1,1,2,119,1,0,0.12,Influencer,Cloverprises,15,0.0,0.0
823,7433897,6,5,13,0,1,8,924,17,11,9.07,Influencer,Cloverprises,15,1.19,1.21
824,2270066,6,4,12,0,1,1,308,5,2,1.25,Affiliate,Cloverprises,15,0.65,1.6
825,4189681,6,4,7,0,0,5,35,2,1,1.0,Affiliate,Cloverprises,15,2.86,1.0
826,5249555,6,4,9,0,0,6,70,1,0,0.12,Affiliate,Cloverprises,15,0.0,0.0
827,8573238,6,4,5,0,1,6,308,69,27,28.28,Affiliate,Cloverprises,15,8.77,0.95
828,9008367,6,4,13,0,0,7,77,1,0,0.12,Affiliate,Cloverprises,15,0.0,0.0
829,9346810,6,4,13,0,1,2,1183,34,2,3.4,Affiliate,Cloverprises,15,0.17,0.59
830,1171806,6,3,7,0,1,1,77,8,3,4.57,SEO/Organic,Cloverprises,15,3.9,0.66
831,1895431,6,3,8,1,1,1,98,5,2,0.04,SEO/Organic,Cloverprises,15,2.04,50.0
832,4887090,6,3,5,0,1,9,343,11,4,2.2,SEO/Organic,Cloverprises,15,1.17,1.82
833,6339937,6,3,9,0,0,3,105,20,6,4.44,SEO/Organic,Cloverprises,15,5.71,1.35
834,7186089,6,3,13,0,0,6,7665,301,298,58.62,SEO/Organic,Cloverprises,15,3.89,5.08
835,7312489,6,3,10,0,0,7,392,5,3,0.61,SEO/Organic,Cloverprises,15,0.77,4.92
836,7414150,6,3,13,1,1,2,38579,37530,30620,1326.44,SEO/Organic,Cloverprises,15,79.37,23.08
837,8520310,6,3,12,0,1,9,441,98,76,31.54,SEO/Organic,Cloverprises,15,17.23,2.41
838,9395625,6,3,5,0,0,4,1806,1,0,0.14,SEO/Organic,Cloverprises,15,0.0,0.0
839,9659715,6,3,3,1,1,10,602,2,1,0.01,SEO/Organic,Cloverprises,15,0.17,100.0
840,1535873,6,2,5,0,0,9,1778,1,0,0.12,Social Media,Cloverprises,15,0.0,0.0
841,6094269,6,2,7,1,1,5,54012,112,28,74.67,Social Media,Cloverprises,15,0.05,0.37
842,9191423,6,2,9,0,0,5,252,15,10,2.31,Social Media,Cloverprises,15,3.97,4.33
843,1301852,6,1,12,0,0,9,110474,180,105,85.59,Direct,Cloverprises,15,0.1,1.23
844,2013206,6,1,12,1,1,10,7812,301,33,7.34,Direct,Cloverprises,15,0.42,4.5
845,3246365,6,1,12,0,0,5,721,12,11,2.4,Direct,Cloverprises,15,1.53,4.58
846,3943324,6,1,1,0,0,5,20587,4,3,0.33,Direct,Cloverprises,15,0.01,9.09
847,4970326,6,1,10,0,1,4,49,7,1,2.33,Direct,Cloverprises,15,2.04,0.43
848,6595671,6,1,8,0,1,8,2170,228,118,83.52,Direct,Cloverprises,15,5.44,1.41
849,7533511,6,1,9,1,1,8,2289,9,3,0.1,Direct,Cloverprises,15,0.13,30.0
850,8769015,6,1,12,0,1,2,11585,1387,74,350.13,Direct,Cloverprises,15,0.64,0.21
851,4080437,7,5,6,1,1,9,2289,9,0,0.1,Influencer,Saturn Security,28,0.0,0.0
852,5547802,7,5,12,0,0,10,973,1,0,0.12,Influencer,Saturn Security,28,0.0,0.0
853,7345281,7,5,10,0,0,1,49,30,17,13.33,Influencer,Saturn Security,28,34.69,1.28
854,7883676,7,5,9,0,1,8,133,9,8,1.13,Influencer,Saturn Security,28,6.02,7.08
855,8150231,7,5,9,0,1,2,133,6,0,1.2,Influencer,Saturn Security,28,0.0,0.0
856,9612570,7,5,9,0,1,6,48055,44,34,2.26,Influencer,Saturn Security,28,0.07,15.04
857,2143795,7,4,8,0,0,6,1638,10,1,6.67,Affiliate,Saturn Security,28,0.06,0.15
858,3719921,7,4,2,0,0,2,14,9,6,2.25,Affiliate,Saturn Security,28,42.86,2.67
859,4051123,7,4,9,0,1,10,63,8,1,2.29,Affiliate,Saturn Security,28,1.59,0.44
860,4794501,7,4,2,0,0,1,1274,52,9,14.7,Affiliate,Saturn Security,28,0.71,0.61
861,6216390,7,4,2,0,1,7,322,15,0,1.15,Affiliate,Saturn Security,28,0.0,0.0
862,9400956,7,4,6,0,1,6,1554,528,191,3.21,Affiliate,Saturn Security,28,12.29,59.5
863,2418079,7,3,3,0,0,7,945,1,0,0.12,SEO/Organic,Saturn Security,28,0.0,0.0
864,2716304,7,3,4,0,0,9,721,145,67,94.42,SEO/Organic,Saturn Security,28,9.29,0.71
865,3502739,7,3,7,0,1,2,308,2,0,0.55,SEO/Organic,Saturn Security,28,0.0,0.0
866,4928500,7,3,6,0,1,2,11585,777,697,199.32,SEO/Organic,Saturn Security,28,6.02,3.5
867,7893662,7,3,4,1,1,2,123,85,19,3.45,SEO/Organic,Saturn Security,28,15.45,5.51
868,4984459,7,2,3,0,1,5,11585,787,578,192.53,Social Media,Saturn Security,28,4.99,3.0
869,5718106,7,2,9,0,0,3,1806,62,53,34.95,Social Media,Saturn Security,28,2.93,1.52
870,9274601,7,2,6,1,1,6,16835,4614,50,390.79,Social Media,Saturn Security,28,0.3,0.13
871,1425296,7,1,8,0,1,1,25830,479,168,145.39,Direct,Saturn Security,28,0.65,1.16
872,1523176,7,1,4,0,1,3,50,7,0,0.53,Direct,Saturn Security,28,0.0,0.0
873,1693330,7,1,3,0,1,5,910,76,51,47.64,Direct,Saturn Security,28,5.6,1.07
874,2978634,7,1,8,0,0,7,203,3,0,1.0,Direct,Saturn Security,28,0.0,0.0
875,3951827,7,1,7,0,0,9,1827,79,52,48.53,Direct,Saturn Security,28,2.85,1.07
876,4681563,7,1,12,0,0,8,973,35,13,15.17,Direct,Saturn Security,28,1.34,0.86
877,4888434,7,1,7,0,0,1,136213,6,5,0.28,Direct,Saturn Security,28,0.0,17.86
878,6590745,7,1,8,1,1,8,30863,316,254,22.57,Direct,Saturn Security,28,0.82,11.25
879,8936222,7,1,2,1,1,3,1965,5,3,0.05,Direct,Saturn Security,28,0.15,60.0
880,9390936,7,1,6,0,1,7,161,1,0,0.24,Direct,Saturn Security,28,0.0,0.0
881,6064928,5,5,8,0,1,7,987,2,1,0.24,Influencer,Primepoly,20,0.1,4.17
882,7221117,5,5,5,0,0,8,7,1,0,0.12,Influencer,Primepoly,20,0.0,0.0
883,8225700,5,5,2,1,1,1,469,1,0,0.12,Influencer,Primepoly,20,0.0,0.0
884,8496329,5,5,1,0,1,9,49,3,1,0.37,Influencer,Primepoly,20,2.04,2.7
885,9214158,5,5,8,1,0,2,182,3,0,0.11,Influencer,Primepoly,20,0.0,0.0
886,9334304,5,5,11,0,0,5,1526,3,1,0.27,Influencer,Primepoly,20,0.07,3.7
887,1421699,5,4,1,0,1,5,910,38,28,10.06,Affiliate,Primepoly,20,3.08,2.78
888,2429715,5,4,7,0,1,7,77,25,6,21.59,Affiliate,Primepoly,20,7.79,0.28
889,2993334,5,4,4,0,1,10,165361,142,21,59.73,Affiliate,Primepoly,20,0.01,0.35
890,4840366,5,4,2,1,1,2,10423,41,6,5.01,Affiliate,Primepoly,20,0.06,1.2
891,5382365,5,4,8,0,1,8,63,5,3,1.25,Affiliate,Primepoly,20,4.76,2.4
892,6792460,5,4,8,0,1,3,8,1,0,0.08,Affiliate,Primepoly,20,0.0,0.0
893,2325939,5,3,13,1,1,5,469,4,2,0.02,SEO/Organic,Primepoly,20,0.43,100.0
894,2443166,5,3,6,0,1,10,336,105,19,22.58,SEO/Organic,Primepoly,20,5.65,0.84
895,2997499,5,3,7,0,1,6,4060,17,11,1.49,SEO/Organic,Primepoly,20,0.27,7.38
896,3700638,5,3,10,0,0,10,84,1,0,0.12,SEO/Organic,Primepoly,20,0.0,0.0
897,4321328,5,3,8,1,1,10,7812,1,0,0.02,SEO/Organic,Primepoly,20,0.0,0.0
898,5499346,5,3,10,0,1,6,7,3,0,0.02,SEO/Organic,Primepoly,20,0.0,0.0
899,6351815,5,3,8,1,1,6,15554,1351,870,16.22,SEO/Organic,Primepoly,20,5.59,53.64
900,7342257,5,3,7,0,1,8,77,2,0,0.47,SEO/Organic,Primepoly,20,0.0,0.0
901,9199990,5,3,5,0,0,10,511,51,40,17.0,SEO/Organic,Primepoly,20,7.83,2.35
902,9608406,5,3,12,0,1,9,21,1,0,0.12,SEO/Organic,Primepoly,20,0.0,0.0
903,1383449,5,2,5,0,1,4,245,10,4,1.11,Social Media,Primepoly,20,1.63,3.6
904,1907655,5,2,3,0,0,5,574,22,7,8.11,Social Media,Primepoly,20,1.22,0.86
905,2308954,5,2,8,1,1,1,16835,301,33,5.34,Social Media,Primepoly,20,0.2,6.18
906,2957852,5,2,6,1,1,1,987,6,0,0.06,Social Media,Primepoly,20,0.0,0.0
907,3223034,5,2,11,0,1,1,910,43,19,14.71,Social Media,Primepoly,20,2.09,1.29
908,6264193,5,2,3,0,1,7,3472,57,43,27.94,Social Media,Primepoly,20,1.24,1.54
909,6817564,5,2,7,0,0,6,1113,5,1,1.25,Social Media,Primepoly,20,0.09,0.8
910,8314159,5,2,12,0,0,2,91,3,1,0.12,Social Media,Primepoly,20,1.1,8.33
911,8813484,5,2,8,0,1,1,161,16,14,3.43,Social Media,Primepoly,20,8.7,4.08
912,9943887,5,2,3,0,0,6,161,5,2,2.5,Social Media,Primepoly,20,1.24,0.8
913,1356385,5,1,3,0,1,8,28,1,0,0.12,Direct,Primepoly,20,0.0,0.0
914,1604879,5,1,4,0,0,4,56,1,0,0.12,Direct,Primepoly,20,0.0,0.0
915,1896495,5,1,11,0,0,4,49,1,0,0.25,Direct,Primepoly,20,0.0,0.0
916,4261237,5,1,8,0,0,5,532,1,0,0.12,Direct,Primepoly,20,0.0,0.0
917,5029806,5,1,10,0,0,6,3745,1,0,0.12,Direct,Primepoly,20,0.0,0.0
918,5490034,5,1,8,0,1,7,210,23,6,4.6,Direct,Primepoly,20,2.86,1.3
919,6552606,5,1,4,0,1,10,63,1,0,0.12,Direct,Primepoly,20,0.0,0.0
920,6566819,5,1,1,0,0,1,525,1,0,0.12,Direct,Primepoly,20,0.0,0.0
921,6833254,5,1,11,1,1,8,10423,10105,7518,810.74,Direct,Primepoly,20,72.13,9.27
922,7415987,5,1,3,0,1,5,119,1,0,0.12,Direct,Primepoly,20,0.0,0.0
923,9820028,5,1,13,0,1,6,308,169,42,46.66,Direct,Primepoly,20,13.64,0.9
